<TICKER>,<PER>,<DATE>,<TIME>,<OPEN>,<HIGH>,<LOW>,<CLOSE>,<VOL>
comex.GC,D,01/01/20,000000,1521.0000000,1524.0000000,1520.5000000,1521.0000000,5291
comex.GC,D,02/01/20,000000,1520.9000000,1534.0000000,1519.7000000,1531.3000000,236447
comex.GC,D,03/01/20,000000,1531.3000000,1556.6000000,1531.3000000,1555.2000000,383128
comex.GC,D,05/01/20,000000,1562.7000000,1590.9000000,1562.3000000,1571.6000000,42728
comex.GC,D,06/01/20,000000,1571.5000000,1582.5000000,1562.7000000,1565.7000000,452446
comex.GC,D,07/01/20,000000,1565.8000000,1600.0000000,1557.0000000,1596.7000000,401519
comex.GC,D,08/01/20,000000,1596.6000000,1613.3000000,1553.4000000,1559.0000000,670982
comex.GC,D,09/01/20,000000,1559.0000000,1562.4000000,1541.0000000,1553.6000000,325402
comex.GC,D,10/01/20,000000,1553.6000000,1564.1000000,1546.7000000,1563.2000000,288425
comex.GC,D,12/01/20,000000,1563.0000000,1563.1000000,1558.9000000,1560.1000000,4959
comex.GC,D,13/01/20,000000,1560.3000000,1561.0000000,1545.4000000,1545.8000000,216256
comex.GC,D,14/01/20,000000,1545.7000000,1550.6000000,1536.4000000,1550.0000000,284252
comex.GC,D,15/01/20,000000,1550.1000000,1558.8000000,1546.7000000,1556.4000000,258432
comex.GC,D,16/01/20,000000,1556.4000000,1558.2000000,1548.0000000,1552.3000000,226927
comex.GC,D,17/01/20,000000,1552.4000000,1561.4000000,1549.3000000,1557.3000000,223962
comex.GC,D,19/01/20,000000,1557.3000000,1559.1000000,1555.9000000,1557.1000000,3400
comex.GC,D,20/01/20,000000,1557.1000000,1562.7000000,1556.6000000,1561.3000000,68128
comex.GC,D,21/01/20,000000,1561.2000000,1568.8000000,1546.0000000,1556.3000000,328460
comex.GC,D,22/01/20,000000,1556.3000000,1563.3000000,1550.0000000,1561.0000000,215791
comex.GC,D,23/01/20,000000,1561.0000000,1567.5000000,1551.3000000,1560.3000000,283759
comex.GC,D,24/01/20,000000,1560.3000000,1575.3000000,1555.8000000,1571.3000000,310604
comex.GC,D,26/01/20,000000,1580.5000000,1588.4000000,1578.7000000,1582.1000000,25447
comex.GC,D,27/01/20,000000,1582.0000000,1585.8000000,1575.3000000,1580.3000000,276080
comex.GC,D,28/01/20,000000,1580.3000000,1582.2000000,1564.6000000,1567.5000000,244763
comex.GC,D,29/01/20,000000,1567.4000000,1577.7000000,1562.0000000,1576.7000000,132725
comex.GC,D,30/01/20,000000,1576.6000000,1585.0000000,1571.5000000,1579.7000000,29743
comex.GC,D,31/01/20,000000,1579.7000000,1595.5000000,1575.0000000,1593.6000000,275509
comex.GC,D,02/02/20,000000,1597.8000000,1598.5000000,1592.0000000,1593.9000000,12266
comex.GC,D,03/02/20,000000,1593.9000000,1594.5000000,1573.3000000,1583.1000000,266834
comex.GC,D,04/02/20,000000,1583.0000000,1584.5000000,1552.8000000,1557.8000000,313445
comex.GC,D,05/02/20,000000,1557.8000000,1566.2000000,1551.1000000,1559.7000000,269458
comex.GC,D,06/02/20,000000,1559.7000000,1571.9000000,1556.0000000,1569.3000000,209134
comex.GC,D,07/02/20,000000,1569.3000000,1577.7000000,1563.6000000,1573.8000000,249531
comex.GC,D,09/02/20,000000,1575.8000000,1580.2000000,1572.6000000,1578.3000000,10584
comex.GC,D,10/02/20,000000,1578.3000000,1580.5000000,1571.5000000,1575.4000000,172597
comex.GC,D,11/02/20,000000,1575.5000000,1577.5000000,1565.2000000,1570.3000000,210681
comex.GC,D,12/02/20,000000,1570.3000000,1574.4000000,1564.4000000,1572.8000000,171920
comex.GC,D,13/02/20,000000,1572.8000000,1581.7000000,1572.0000000,1580.4000000,245995
comex.GC,D,14/02/20,000000,1580.3000000,1588.2000000,1576.0000000,1586.9000000,201232
comex.GC,D,16/02/20,000000,1585.1000000,1586.2000000,1583.3000000,1586.0000000,4547
comex.GC,D,17/02/20,000000,1586.1000000,1589.0000000,1581.8000000,1587.0000000,68359
comex.GC,D,18/02/20,000000,1587.1000000,1608.2000000,1587.0000000,1603.7000000,303905
comex.GC,D,19/02/20,000000,1603.8000000,1615.9000000,1602.4000000,1613.0000000,293319
comex.GC,D,20/02/20,000000,1613.1000000,1626.5000000,1606.6000000,1624.8000000,362618
comex.GC,D,21/02/20,000000,1624.9000000,1652.1000000,1621.6000000,1645.9000000,421682
comex.GC,D,23/02/20,000000,1656.0000000,1684.1000000,1654.6000000,1668.2000000,38986
comex.GC,D,24/02/20,000000,1668.2000000,1691.7000000,1652.8000000,1656.1000000,556253
comex.GC,D,25/02/20,000000,1656.0000000,1661.0000000,1627.0000000,1641.9000000,531146
comex.GC,D,26/02/20,000000,1641.8000000,1657.1000000,1626.7000000,1645.5000000,419059
comex.GC,D,27/02/20,000000,1645.3000000,1662.3000000,1636.7000000,1647.3000000,385213
comex.GC,D,28/02/20,000000,1647.2000000,1649.8000000,1564.0000000,1587.3000000,453632
comex.GC,D,01/03/20,000000,1592.8000000,1594.3000000,1576.3000000,1586.1000000,15270
comex.GC,D,02/03/20,000000,1585.9000000,1612.1000000,1582.5000000,1592.9000000,340417
comex.GC,D,03/03/20,000000,1592.7000000,1654.3000000,1590.9000000,1646.8000000,252731
comex.GC,D,04/03/20,000000,1646.8000000,1650.6000000,1632.6000000,1637.4000000,244352
comex.GC,D,05/03/20,000000,1637.2000000,1675.7000000,1636.2000000,1675.3000000,275354
comex.GC,D,06/03/20,000000,1675.2000000,1692.8000000,1645.4000000,1674.2000000,409983
comex.GC,D,08/03/20,000000,1692.6000000,1704.3000000,1680.4000000,1701.2000000,37354
comex.GC,D,09/03/20,000000,1701.2000000,1704.0000000,1658.0000000,1666.8000000,319380
comex.GC,D,10/03/20,000000,1666.6000000,1671.7000000,1641.7000000,1652.4000000,203080
comex.GC,D,11/03/20,000000,1652.4000000,1671.8000000,1632.7000000,1643.4000000,184978
comex.GC,D,12/03/20,000000,1643.3000000,1651.0000000,1560.6000000,1576.7000000,276907
comex.GC,D,13/03/20,000000,1576.4000000,1597.9000000,1504.1000000,1528.9000000,254854
comex.GC,D,15/03/20,000000,1563.8000000,1574.8000000,1539.8000000,1557.5000000,36931
comex.GC,D,16/03/20,000000,1557.5000000,1560.8000000,1450.9000000,1507.2000000,364779
comex.GC,D,17/03/20,000000,1507.0000000,1554.3000000,1465.6000000,1538.3000000,258610
comex.GC,D,18/03/20,000000,1538.3000000,1540.6000000,1473.8000000,1499.6000000,263613
comex.GC,D,19/03/20,000000,1499.8000000,1500.4000000,1457.5000000,1474.1000000,174688
comex.GC,D,20/03/20,000000,1474.1000000,1519.4000000,1473.5000000,1501.1000000,162978
comex.GC,D,22/03/20,000000,1505.0000000,1510.7000000,1484.6000000,1493.9000000,19543
comex.GC,D,23/03/20,000000,1493.8000000,1576.0000000,1488.2000000,1575.5000000,172481
comex.GC,D,24/03/20,000000,1575.7000000,1699.3000000,1569.4000000,1692.3000000,267691
comex.GC,D,25/03/20,000000,1692.2000000,1694.5000000,1615.2000000,1638.4000000,157816
comex.GC,D,26/03/20,000000,1638.6000000,1672.5000000,1611.0000000,1636.6000000,132311
comex.GC,D,27/03/20,000000,1636.5000000,1647.2000000,1611.5000000,1630.6000000,47506
comex.GC,D,29/03/20,000000,1641.2000000,1652.8000000,1634.4000000,1642.6000000,639
comex.GC,D,30/03/20,000000,1642.6000000,1645.6000000,1607.2000000,1638.2000000,7593
comex.GC,D,31/03/20,000000,1638.3000000,1642.0000000,1576.0000000,1592.2000000,140083
comex.GC,D,01/04/20,000000,1592.0000000,1612.4000000,1581.2000000,1604.9000000,126336
comex.GC,D,02/04/20,000000,1605.0000000,1645.6000000,1595.2000000,1637.0000000,127043
comex.GC,D,03/04/20,000000,1636.7000000,1652.1000000,1624.4000000,1648.8000000,114515
comex.GC,D,05/04/20,000000,1647.7000000,1651.6000000,1639.3000000,1651.0000000,6465
comex.GC,D,06/04/20,000000,1651.1000000,1742.6000000,1638.2000000,1728.0000000,163654
comex.GC,D,07/04/20,000000,1727.6000000,1734.5000000,1672.0000000,1679.2000000,153614
comex.GC,D,08/04/20,000000,1679.0000000,1695.8000000,1670.7000000,1680.5000000,110585
comex.GC,D,09/04/20,000000,1680.4000000,1754.5000000,1680.0000000,1740.6000000,165484
comex.GC,D,12/04/20,000000,1742.3000000,1747.7000000,1731.8000000,1738.7000000,7817
comex.GC,D,13/04/20,000000,1738.6000000,1772.8000000,1724.2000000,1768.2000000,147213
comex.GC,D,14/04/20,000000,1768.0000000,1788.8000000,1747.1000000,1751.3000000,195347
comex.GC,D,15/04/20,000000,1751.3000000,1759.8000000,1731.6000000,1742.4000000,161657
comex.GC,D,16/04/20,000000,1742.5000000,1768.0000000,1716.4000000,1730.8000000,183636
comex.GC,D,17/04/20,000000,1731.0000000,1736.5000000,1691.2000000,1694.5000000,184135
comex.GC,D,19/04/20,000000,1693.0000000,1697.1000000,1686.2000000,1689.5000000,6820
comex.GC,D,20/04/20,000000,1689.7000000,1718.4000000,1685.0000000,1706.3000000,165724
comex.GC,D,21/04/20,000000,1706.5000000,1718.0000000,1666.2000000,1706.0000000,204905
comex.GC,D,22/04/20,000000,1705.9000000,1742.4000000,1695.4000000,1735.1000000,173349
comex.GC,D,23/04/20,000000,1735.1000000,1764.2000000,1730.6000000,1748.6000000,168285
comex.GC,D,24/04/20,000000,1748.4000000,1760.2000000,1725.4000000,1745.7000000,158106
comex.GC,D,26/04/20,000000,1745.0000000,1745.8000000,1737.1000000,1743.4000000,4599
comex.GC,D,27/04/20,000000,1743.3000000,1745.8000000,1717.0000000,1720.5000000,134665
comex.GC,D,28/04/20,000000,1720.5000000,1731.9000000,1704.1000000,1720.1000000,157994
comex.GC,D,29/04/20,000000,1720.1000000,1733.5000000,1708.2000000,1729.8000000,154434
comex.GC,D,30/04/20,000000,1729.6000000,1737.0000000,1687.5000000,1695.6000000,200183
comex.GC,D,01/05/20,000000,1695.7000000,1714.4000000,1676.0000000,1710.2000000,154314
comex.GC,D,03/05/20,000000,1711.2000000,1711.7000000,1700.3000000,1707.1000000,6868
comex.GC,D,04/05/20,000000,1707.1000000,1726.0000000,1702.3000000,1711.8000000,132696
comex.GC,D,05/05/20,000000,1711.7000000,1717.8000000,1695.4000000,1712.5000000,166637
comex.GC,D,06/05/20,000000,1712.4000000,1716.6000000,1683.0000000,1692.2000000,179889
comex.GC,D,07/05/20,000000,1692.2000000,1733.2000000,1686.8000000,1724.7000000,200777
comex.GC,D,08/05/20,000000,1724.8000000,1735.5000000,1703.1000000,1704.8000000,185300
comex.GC,D,10/05/20,000000,1706.0000000,1711.3000000,1704.5000000,1708.7000000,5557
comex.GC,D,11/05/20,000000,1708.6000000,1713.8000000,1692.1000000,1699.4000000,148010
comex.GC,D,12/05/20,000000,1699.5000000,1716.7000000,1693.5000000,1705.7000000,139741
comex.GC,D,13/05/20,000000,1705.6000000,1727.9000000,1701.6000000,1726.5000000,176294
comex.GC,D,14/05/20,000000,1726.6000000,1746.5000000,1716.0000000,1742.1000000,192669
comex.GC,D,15/05/20,000000,1742.1000000,1761.2000000,1736.8000000,1754.1000000,178583
comex.GC,D,17/05/20,000000,1757.5000000,1768.3000000,1755.2000000,1766.5000000,12536
comex.GC,D,18/05/20,000000,1766.4000000,1775.8000000,1729.4000000,1736.9000000,241972
comex.GC,D,19/05/20,000000,1737.0000000,1751.6000000,1727.2000000,1749.6000000,166639
comex.GC,D,20/05/20,000000,1749.5000000,1757.6000000,1744.0000000,1749.8000000,153438
comex.GC,D,21/05/20,000000,1749.7000000,1749.7000000,1715.3000000,1725.5000000,187269
comex.GC,D,22/05/20,000000,1725.6000000,1742.0000000,1722.5000000,1734.7000000,141535
comex.GC,D,24/05/20,000000,1734.8000000,1736.9000000,1729.6000000,1730.6000000,2341
comex.GC,D,25/05/20,000000,1730.6000000,1731.5000000,1718.0000000,1727.1000000,52893
comex.GC,D,26/05/20,000000,1727.0000000,1737.2000000,1700.0000000,1705.5000000,167758
comex.GC,D,27/05/20,000000,1705.4000000,1713.2000000,1684.2000000,1707.9000000,94194
comex.GC,D,28/05/20,000000,1708.2000000,1736.4000000,1705.0000000,1736.2000000,9850
comex.GC,D,29/05/20,000000,1736.2000000,1754.5000000,1725.3000000,1743.0000000,137062
comex.GC,D,31/05/20,000000,1751.7000000,1758.6000000,1748.9000000,1755.2000000,6304
comex.GC,D,01/06/20,000000,1755.2000000,1761.0000000,1737.6000000,1755.2000000,138863
comex.GC,D,02/06/20,000000,1755.2000000,1757.0000000,1728.0000000,1733.2000000,168306
comex.GC,D,03/06/20,000000,1733.1000000,1733.8000000,1690.3000000,1703.1000000,243416
comex.GC,D,04/06/20,000000,1703.1000000,1729.0000000,1698.9000000,1718.7000000,189924
comex.GC,D,05/06/20,000000,1718.6000000,1723.2000000,1671.7000000,1688.6000000,261311
comex.GC,D,07/06/20,000000,1686.7000000,1688.2000000,1680.7000000,1684.6000000,5253
comex.GC,D,08/06/20,000000,1684.7000000,1707.6000000,1684.6000000,1703.8000000,146647
comex.GC,D,09/06/20,000000,1703.8000000,1729.4000000,1697.6000000,1719.4000000,174143
comex.GC,D,10/06/20,000000,1719.4000000,1749.8000000,1714.1000000,1744.4000000,192633
comex.GC,D,11/06/20,000000,1744.5000000,1754.9000000,1727.5000000,1733.2000000,191423
comex.GC,D,12/06/20,000000,1733.5000000,1753.0000000,1728.2000000,1737.3000000,140275
comex.GC,D,14/06/20,000000,1740.7000000,1743.8000000,1735.8000000,1740.9000000,4432
comex.GC,D,15/06/20,000000,1740.8000000,1742.2000000,1706.2000000,1730.5000000,191539
comex.GC,D,16/06/20,000000,1730.5000000,1739.5000000,1721.8000000,1734.7000000,124318
comex.GC,D,17/06/20,000000,1734.5000000,1739.3000000,1717.3000000,1737.0000000,131227
comex.GC,D,18/06/20,000000,1736.9000000,1749.2000000,1722.7000000,1730.6000000,149006
comex.GC,D,19/06/20,000000,1730.6000000,1760.9000000,1729.9000000,1756.2000000,167012
comex.GC,D,21/06/20,000000,1765.8000000,1766.2000000,1759.4000000,1762.5000000,9063
comex.GC,D,22/06/20,000000,1762.4000000,1779.0000000,1753.5000000,1767.2000000,210176
comex.GC,D,23/06/20,000000,1767.2000000,1787.0000000,1758.3000000,1784.9000000,187995
comex.GC,D,24/06/20,000000,1784.8000000,1796.1000000,1764.1000000,1771.6000000,225654
comex.GC,D,25/06/20,000000,1771.6000000,1779.6000000,1764.5000000,1775.8000000,141362
comex.GC,D,26/06/20,000000,1775.7000000,1786.2000000,1754.0000000,1784.8000000,189230
comex.GC,D,28/06/20,000000,1789.2000000,1790.4000000,1784.1000000,1784.8000000,6683
comex.GC,D,29/06/20,000000,1784.9000000,1789.4000000,1776.5000000,1784.8000000,119776
comex.GC,D,30/06/20,000000,1784.8000000,1804.0000000,1774.8000000,1799.4000000,184308
comex.GC,D,01/07/20,000000,1799.3000000,1807.7000000,1767.9000000,1778.3000000,250189
comex.GC,D,02/07/20,000000,1778.1000000,1791.7000000,1766.3000000,1787.0000000,171962
comex.GC,D,03/07/20,000000,1786.8000000,1788.9000000,1783.4000000,1787.3000000,38701
comex.GC,D,05/07/20,000000,1787.0000000,1788.8000000,1785.3000000,1786.4000000,2250
comex.GC,D,06/07/20,000000,1786.5000000,1799.0000000,1779.2000000,1794.9000000,133063
comex.GC,D,07/07/20,000000,1794.9000000,1810.8000000,1781.2000000,1807.1000000,205296
comex.GC,D,08/07/20,000000,1807.2000000,1829.8000000,1803.8000000,1818.4000000,193769
comex.GC,D,09/07/20,000000,1818.3000000,1825.5000000,1799.6000000,1808.9000000,233055
comex.GC,D,10/07/20,000000,1808.9000000,1817.0000000,1796.5000000,1801.8000000,181794
comex.GC,D,12/07/20,000000,1803.4000000,1806.0000000,1802.1000000,1803.9000000,4425
comex.GC,D,13/07/20,000000,1803.9000000,1818.7000000,1802.8000000,1804.9000000,166602
comex.GC,D,14/07/20,000000,1804.9000000,1815.0000000,1791.1000000,1812.7000000,210558
comex.GC,D,15/07/20,000000,1813.1000000,1819.5000000,1804.0000000,1815.9000000,167799
comex.GC,D,16/07/20,000000,1815.9000000,1816.2000000,1794.1000000,1798.1000000,178604
comex.GC,D,17/07/20,000000,1798.1000000,1813.9000000,1795.2000000,1812.1000000,149538
comex.GC,D,19/07/20,000000,1812.3000000,1812.5000000,1809.8000000,1810.3000000,3442
comex.GC,D,20/07/20,000000,1810.3000000,1823.4000000,1806.6000000,1819.3000000,159696
comex.GC,D,21/07/20,000000,1819.3000000,1848.8000000,1817.2000000,1844.8000000,253937
comex.GC,D,22/07/20,000000,1844.8000000,1874.5000000,1844.4000000,1869.0000000,346640
comex.GC,D,23/07/20,000000,1869.1000000,1897.7000000,1863.1000000,1883.3000000,355248
comex.GC,D,24/07/20,000000,1883.4000000,1904.6000000,1880.5000000,1900.3000000,242337
comex.GC,D,26/07/20,000000,1901.2000000,1911.9000000,1899.0000000,1910.8000000,21978
comex.GC,D,27/07/20,000000,1910.8000000,1961.8000000,1909.4000000,1959.3000000,346142
comex.GC,D,28/07/20,000000,1959.1000000,1974.7000000,1900.2000000,1949.7000000,357915
comex.GC,D,29/07/20,000000,1949.7000000,1974.9000000,1935.2000000,1959.3000000,155651
comex.GC,D,30/07/20,000000,1959.1000000,1976.6000000,1930.0000000,1973.3000000,20892
comex.GC,D,31/07/20,000000,1973.3000000,2005.4000000,1972.3000000,1994.0000000,266425
comex.GC,D,02/08/20,000000,1997.4000000,2009.5000000,1993.6000000,1998.8000000,15112
comex.GC,D,03/08/20,000000,1998.8000000,1999.2000000,1975.2000000,1991.8000000,160098
comex.GC,D,04/08/20,000000,1991.6000000,2048.6000000,1982.6000000,2048.3000000,274290
comex.GC,D,05/08/20,000000,2048.2000000,2070.3000000,2027.5000000,2051.2000000,345429
comex.GC,D,06/08/20,000000,2051.2000000,2089.2000000,2049.0000000,2082.0000000,307171
comex.GC,D,07/08/20,000000,2082.1000000,2084.1000000,2024.8000000,2046.1000000,366242
comex.GC,D,09/08/20,000000,2044.8000000,2047.5000000,2028.7000000,2037.2000000,11690
comex.GC,D,10/08/20,000000,2037.2000000,2060.8000000,2027.8000000,2038.2000000,236504
comex.GC,D,11/08/20,000000,2038.1000000,2038.2000000,1911.3000000,1919.1000000,554494
comex.GC,D,12/08/20,000000,1919.0000000,1961.0000000,1874.2000000,1932.1000000,436434
comex.GC,D,13/08/20,000000,1932.1000000,1974.8000000,1928.5000000,1965.5000000,342749
comex.GC,D,14/08/20,000000,1965.6000000,1969.8000000,1939.1000000,1953.7000000,226016
comex.GC,D,16/08/20,000000,1956.4000000,1959.9000000,1942.4000000,1943.0000000,10064
comex.GC,D,17/08/20,000000,1942.7000000,2000.8000000,1939.1000000,1992.4000000,274125
comex.GC,D,18/08/20,000000,1992.7000000,2024.6000000,1985.2000000,2014.4000000,351953
comex.GC,D,19/08/20,000000,2014.3000000,2015.0000000,1930.5000000,1935.2000000,440751
comex.GC,D,20/08/20,000000,1935.1000000,1963.1000000,1928.9000000,1960.7000000,363901
comex.GC,D,21/08/20,000000,1960.5000000,1963.1000000,1916.6000000,1947.4000000,344886
comex.GC,D,23/08/20,000000,1947.9000000,1949.0000000,1938.1000000,1942.5000000,7690
comex.GC,D,24/08/20,000000,1942.5000000,1970.3000000,1930.8000000,1936.1000000,276417
comex.GC,D,25/08/20,000000,1936.2000000,1944.1000000,1919.1000000,1936.1000000,267629
comex.GC,D,26/08/20,000000,1935.9000000,1963.4000000,1908.4000000,1961.7000000,330812
comex.GC,D,27/08/20,000000,1961.7000000,1987.0000000,1914.7000000,1933.8000000,453049
comex.GC,D,28/08/20,000000,1933.6000000,1983.0000000,1928.2000000,1972.6000000,321684
comex.GC,D,30/08/20,000000,1973.9000000,1985.8000000,1973.4000000,1982.0000000,10921
comex.GC,D,31/08/20,000000,1982.1000000,1985.5000000,1962.3000000,1974.3000000,231777
comex.GC,D,01/09/20,000000,1974.2000000,2001.2000000,1969.2000000,1979.5000000,279263
comex.GC,D,02/09/20,000000,1979.4000000,1980.4000000,1938.9000000,1950.7000000,320290
comex.GC,D,03/09/20,000000,1950.8000000,1956.6000000,1927.2000000,1934.5000000,295691
comex.GC,D,04/09/20,000000,1934.6000000,1956.6000000,1921.6000000,1940.9000000,290384
comex.GC,D,06/09/20,000000,1938.0000000,1944.5000000,1937.6000000,1940.6000000,4643
comex.GC,D,07/09/20,000000,1940.7000000,1947.5000000,1929.4000000,1937.1000000,93621
comex.GC,D,08/09/20,000000,1937.1000000,1948.3000000,1911.7000000,1937.0000000,308722
comex.GC,D,09/09/20,000000,1936.9000000,1959.7000000,1926.3000000,1955.4000000,221232
comex.GC,D,10/09/20,000000,1955.4000000,1975.2000000,1948.6000000,1952.5000000,254807
comex.GC,D,11/09/20,000000,1952.4000000,1963.4000000,1944.0000000,1948.1000000,195984
comex.GC,D,13/09/20,000000,1948.9000000,1951.8000000,1945.2000000,1950.1000000,3568
comex.GC,D,14/09/20,000000,1950.1000000,1972.5000000,1947.2000000,1966.2000000,187670
comex.GC,D,15/09/20,000000,1966.1000000,1982.4000000,1955.6000000,1961.5000000,225070
comex.GC,D,16/09/20,000000,1961.5000000,1983.8000000,1957.2000000,1968.1000000,283854
comex.GC,D,17/09/20,000000,1968.1000000,1968.3000000,1938.2000000,1954.5000000,257033
comex.GC,D,18/09/20,000000,1954.5000000,1968.2000000,1951.6000000,1957.1000000,168403
comex.GC,D,20/09/20,000000,1957.3000000,1958.3000000,1952.5000000,1955.2000000,5228
comex.GC,D,21/09/20,000000,1955.1000000,1962.9000000,1885.4000000,1922.4000000,371495
comex.GC,D,22/09/20,000000,1922.3000000,1925.5000000,1898.9000000,1908.8000000,275005
comex.GC,D,23/09/20,000000,1908.7000000,1909.9000000,1855.1000000,1857.2000000,395593
comex.GC,D,24/09/20,000000,1857.2000000,1880.9000000,1851.0000000,1872.0000000,312841
comex.GC,D,25/09/20,000000,1871.9000000,1879.3000000,1854.1000000,1864.3000000,215282
comex.GC,D,27/09/20,000000,1862.7000000,1869.1000000,1862.3000000,1865.4000000,3812
comex.GC,D,28/09/20,000000,1865.3000000,1889.5000000,1851.1000000,1887.6000000,225429
comex.GC,D,29/09/20,000000,1887.4000000,1904.8000000,1880.8000000,1902.1000000,207585
comex.GC,D,30/09/20,000000,1902.0000000,1908.2000000,1885.8000000,1893.2000000,255101
comex.GC,D,01/10/20,000000,1893.2000000,1917.9000000,1890.0000000,1909.6000000,255820
comex.GC,D,02/10/20,000000,1909.5000000,1923.6000000,1895.2000000,1904.1000000,205742
comex.GC,D,04/10/20,000000,1910.9000000,1910.9000000,1902.6000000,1908.0000000,5959
comex.GC,D,05/10/20,000000,1908.1000000,1924.9000000,1891.2000000,1918.3000000,170035
comex.GC,D,06/10/20,000000,1918.2000000,1927.0000000,1878.2000000,1884.6000000,214598
comex.GC,D,07/10/20,000000,1884.6000000,1902.4000000,1877.1000000,1890.4000000,173116
comex.GC,D,08/10/20,000000,1890.4000000,1905.3000000,1885.3000000,1899.6000000,174782
comex.GC,D,09/10/20,000000,1899.3000000,1936.8000000,1899.3000000,1936.3000000,217199
comex.GC,D,11/10/20,000000,1935.0000000,1939.4000000,1932.4000000,1935.1000000,7747
comex.GC,D,12/10/20,000000,1934.8000000,1938.0000000,1923.8000000,1929.8000000,148096
comex.GC,D,13/10/20,000000,1929.8000000,1930.6000000,1889.3000000,1896.5000000,255063
comex.GC,D,14/10/20,000000,1896.5000000,1917.5000000,1885.0000000,1902.4000000,184626
comex.GC,D,15/10/20,000000,1902.4000000,1913.7000000,1892.7000000,1910.6000000,199469
comex.GC,D,16/10/20,000000,1910.6000000,1918.7000000,1901.1000000,1902.9000000,138471
comex.GC,D,18/10/20,000000,1903.2000000,1906.6000000,1902.1000000,1904.4000000,3485
comex.GC,D,19/10/20,000000,1904.4000000,1923.4000000,1900.2000000,1906.0000000,147766
comex.GC,D,20/10/20,000000,1906.1000000,1917.6000000,1896.6000000,1913.9000000,157144
comex.GC,D,21/10/20,000000,1913.8000000,1936.0000000,1913.1000000,1924.6000000,190587
comex.GC,D,22/10/20,000000,1924.5000000,1925.2000000,1894.2000000,1907.3000000,200153
comex.GC,D,23/10/20,000000,1907.3000000,1917.3000000,1895.2000000,1903.4000000,159882
comex.GC,D,25/10/20,000000,1906.0000000,1906.3000000,1892.5000000,1900.5000000,8429
comex.GC,D,26/10/20,000000,1900.5000000,1911.1000000,1895.5000000,1904.6000000,152524
comex.GC,D,27/10/20,000000,1904.5000000,1913.8000000,1898.7000000,1907.7000000,148053
comex.GC,D,28/10/20,000000,1907.8000000,1912.6000000,1869.1000000,1880.4000000,279833
comex.GC,D,29/10/20,000000,1880.3000000,1885.1000000,1859.2000000,1868.7000000,211156
comex.GC,D,30/10/20,000000,1868.6000000,1890.9000000,1863.3000000,1878.8000000,195603
comex.GC,D,01/11/20,000000,1877.0000000,1879.5000000,1875.2000000,1877.3000000,2915
comex.GC,D,02/11/20,000000,1877.2000000,1897.2000000,1873.3000000,1895.4000000,152654
comex.GC,D,03/11/20,000000,1895.4000000,1917.5000000,1887.6000000,1915.7000000,156092
comex.GC,D,04/11/20,000000,1915.7000000,1917.9000000,1881.8000000,1905.1000000,258179
comex.GC,D,05/11/20,000000,1905.0000000,1954.3000000,1902.9000000,1947.3000000,266417
comex.GC,D,06/11/20,000000,1947.5000000,1961.8000000,1937.2000000,1951.5000000,204265
comex.GC,D,08/11/20,000000,1956.0000000,1961.1000000,1954.5000000,1959.8000000,5258
comex.GC,D,09/11/20,000000,1959.8000000,1966.1000000,1848.0000000,1870.1000000,290703
comex.GC,D,10/11/20,000000,1870.1000000,1888.9000000,1865.8000000,1875.5000000,189455
comex.GC,D,11/11/20,000000,1875.6000000,1882.5000000,1853.9000000,1863.8000000,165721
comex.GC,D,12/11/20,000000,1863.6000000,1883.0000000,1860.7000000,1874.2000000,162266
comex.GC,D,13/11/20,000000,1874.1000000,1895.8000000,1872.1000000,1888.2000000,141038
comex.GC,D,15/11/20,000000,1886.6000000,1890.2000000,1885.5000000,1888.8000000,2381
comex.GC,D,16/11/20,000000,1888.9000000,1898.0000000,1861.5000000,1888.9000000,194994
comex.GC,D,17/11/20,000000,1888.8000000,1892.7000000,1876.3000000,1881.4000000,138808
comex.GC,D,18/11/20,000000,1881.2000000,1884.2000000,1860.3000000,1870.3000000,172432
comex.GC,D,19/11/20,000000,1870.1000000,1871.5000000,1850.0000000,1861.5000000,185919
comex.GC,D,20/11/20,000000,1861.7000000,1879.2000000,1859.1000000,1869.6000000,142380
comex.GC,D,22/11/20,000000,1869.8000000,1871.3000000,1867.3000000,1870.9000000,1583
comex.GC,D,23/11/20,000000,1870.9000000,1875.0000000,1828.0000000,1833.1000000,233082
comex.GC,D,24/11/20,000000,1833.1000000,1833.8000000,1797.1000000,1806.7000000,282161
comex.GC,D,25/11/20,000000,1806.7000000,1816.3000000,1798.6000000,1806.2000000,131393
comex.GC,D,26/11/20,000000,1806.3000000,1817.0000000,1803.9000000,1807.0000000,37293
comex.GC,D,27/11/20,000000,1806.7000000,1811.5000000,1770.7000000,1783.1000000,12816
comex.GC,D,29/11/20,000000,1790.8000000,1793.3000000,1788.7000000,1789.6000000,2965
comex.GC,D,30/11/20,000000,1789.5000000,1790.3000000,1767.2000000,1781.5000000,232154
comex.GC,D,01/12/20,000000,1781.4000000,1821.1000000,1779.7000000,1814.9000000,193578
comex.GC,D,02/12/20,000000,1814.9000000,1835.7000000,1810.5000000,1834.2000000,176648
comex.GC,D,03/12/20,000000,1834.2000000,1847.4000000,1826.7000000,1843.3000000,174634
comex.GC,D,04/12/20,000000,1843.3000000,1852.7000000,1832.0000000,1842.0000000,162289
comex.GC,D,06/12/20,000000,1841.1000000,1843.0000000,1836.3000000,1838.5000000,3055
comex.GC,D,07/12/20,000000,1838.5000000,1873.0000000,1824.8000000,1867.8000000,196498
comex.GC,D,08/12/20,000000,1867.7000000,1879.8000000,1863.9000000,1874.5000000,145073
comex.GC,D,09/12/20,000000,1874.5000000,1875.0000000,1828.2000000,1838.0000000,213873
comex.GC,D,10/12/20,000000,1837.9000000,1854.2000000,1831.5000000,1840.5000000,156596
comex.GC,D,11/12/20,000000,1840.5000000,1851.8000000,1826.8000000,1843.5000000,145634
comex.GC,D,13/12/20,000000,1845.0000000,1845.6000000,1839.0000000,1841.9000000,2860
comex.GC,D,14/12/20,000000,1841.9000000,1842.9000000,1820.0000000,1830.6000000,162783
comex.GC,D,15/12/20,000000,1830.5000000,1859.3000000,1828.5000000,1856.1000000,165826
comex.GC,D,16/12/20,000000,1856.1000000,1870.0000000,1848.2000000,1868.6000000,194440
comex.GC,D,17/12/20,000000,1868.5000000,1902.0000000,1865.9000000,1889.2000000,209510
comex.GC,D,18/12/20,000000,1889.2000000,1895.7000000,1881.9000000,1886.8000000,146518
comex.GC,D,20/12/20,000000,1892.9000000,1892.9000000,1887.9000000,1888.4000000,2371
comex.GC,D,21/12/20,000000,1888.3000000,1911.9000000,1859.1000000,1884.3000000,171704
comex.GC,D,22/12/20,000000,1884.1000000,1889.4000000,1863.7000000,1868.8000000,161970
comex.GC,D,23/12/20,000000,1868.8000000,1883.7000000,1860.9000000,1876.8000000,148870
comex.GC,D,24/12/20,000000,1876.9000000,1887.4000000,1873.1000000,1882.6000000,83082
comex.GC,D,27/12/20,000000,1887.0000000,1894.7000000,1885.6000000,1892.6000000,4440
comex.GC,D,28/12/20,000000,1892.4000000,1904.1000000,1873.0000000,1880.5000000,187549
comex.GC,D,29/12/20,000000,1880.5000000,1891.3000000,1875.6000000,1882.5000000,139291
comex.GC,D,30/12/20,000000,1882.6000000,1900.2000000,1879.5000000,1899.5000000,126649
comex.GC,D,31/12/20,000000,1899.6000000,1904.9000000,1889.1000000,1901.6000000,119732
comex.GC,D,03/01/21,000000,1908.2000000,1918.9000000,1906.1000000,1917.4000000,15099
comex.GC,D,04/01/21,000000,1917.1000000,1949.2000000,1914.6000000,1945.5000000,236340
comex.GC,D,05/01/21,000000,1945.4000000,1959.0000000,1938.4000000,1954.0000000,181972
comex.GC,D,06/01/21,000000,1954.2000000,1962.5000000,1902.6000000,1925.3000000,334164
comex.GC,D,07/01/21,000000,1925.1000000,1929.6000000,1907.5000000,1917.1000000,178063
comex.GC,D,08/01/21,000000,1917.0000000,1917.3000000,1827.8000000,1849.9000000,376864
comex.GC,D,10/01/21,000000,1849.4000000,1856.0000000,1841.4000000,1844.3000000,7219
comex.GC,D,11/01/21,000000,1844.4000000,1855.6000000,1817.1000000,1847.6000000,204927
comex.GC,D,12/01/21,000000,1847.5000000,1864.0000000,1835.8000000,1859.2000000,187847
comex.GC,D,13/01/21,000000,1859.1000000,1863.0000000,1841.6000000,1847.9000000,151844
comex.GC,D,14/01/21,000000,1847.8000000,1857.3000000,1826.6000000,1846.7000000,158061
comex.GC,D,15/01/21,000000,1846.7000000,1856.6000000,1822.1000000,1827.7000000,187936
comex.GC,D,17/01/21,000000,1828.8000000,1830.0000000,1800.8000000,1810.2000000,11427
comex.GC,D,18/01/21,000000,1810.2000000,1840.6000000,1809.6000000,1836.6000000,91653
comex.GC,D,19/01/21,000000,1836.5000000,1845.0000000,1831.8000000,1840.3000000,140642
comex.GC,D,20/01/21,000000,1840.2000000,1872.4000000,1831.1000000,1869.9000000,232215
comex.GC,D,21/01/21,000000,1869.9000000,1874.6000000,1857.5000000,1869.5000000,152885
comex.GC,D,22/01/21,000000,1869.7000000,1869.9000000,1836.3000000,1855.5000000,185777
comex.GC,D,24/01/21,000000,1855.3000000,1858.5000000,1853.1000000,1856.0000000,2385
comex.GC,D,25/01/21,000000,1856.3000000,1867.4000000,1846.2000000,1854.7000000,158277
comex.GC,D,26/01/21,000000,1854.5000000,1860.8000000,1846.0000000,1849.8000000,116778
comex.GC,D,27/01/21,000000,1850.0000000,1851.5000000,1828.4000000,1838.4000000,117815
comex.GC,D,28/01/21,000000,1838.8000000,1862.9000000,1831.5000000,1845.8000000,11165
comex.GC,D,29/01/21,000000,1845.8000000,1878.9000000,1841.2000000,1849.8000000,262697
comex.GC,D,31/01/21,000000,1865.0000000,1870.0000000,1855.0000000,1858.4000000,10973
comex.GC,D,01/02/21,000000,1858.2000000,1876.0000000,1851.7000000,1860.3000000,216090
comex.GC,D,02/02/21,000000,1860.6000000,1866.3000000,1830.4000000,1837.6000000,222054
comex.GC,D,03/02/21,000000,1837.6000000,1845.9000000,1830.1000000,1835.1000000,128275
comex.GC,D,04/02/21,000000,1835.1000000,1835.5000000,1784.6000000,1796.0000000,265316
comex.GC,D,05/02/21,000000,1796.0000000,1816.0000000,1792.2000000,1815.2000000,166306
comex.GC,D,07/02/21,000000,1818.1000000,1819.6000000,1815.0000000,1818.6000000,3280
comex.GC,D,08/02/21,000000,1818.6000000,1840.6000000,1807.3000000,1831.9000000,165744
comex.GC,D,09/02/21,000000,1832.1000000,1849.5000000,1831.4000000,1836.8000000,149851
comex.GC,D,10/02/21,000000,1836.8000000,1856.6000000,1834.0000000,1842.9000000,168993
comex.GC,D,11/02/21,000000,1842.8000000,1848.6000000,1821.7000000,1826.7000000,140955
comex.GC,D,12/02/21,000000,1826.7000000,1831.5000000,1810.1000000,1824.8000000,165028
comex.GC,D,14/02/21,000000,1826.0000000,1826.3000000,1820.1000000,1820.9000000,2713
comex.GC,D,15/02/21,000000,1821.1000000,1827.1000000,1815.5000000,1818.6000000,66279
comex.GC,D,16/02/21,000000,1818.7000000,1827.0000000,1785.9000000,1787.5000000,282135
comex.GC,D,17/02/21,000000,1787.4000000,1794.2000000,1767.9000000,1777.4000000,243473
comex.GC,D,18/02/21,000000,1777.3000000,1788.8000000,1766.6000000,1770.6000000,217860
comex.GC,D,19/02/21,000000,1770.5000000,1790.9000000,1759.0000000,1783.1000000,238578
comex.GC,D,21/02/21,000000,1782.0000000,1787.4000000,1780.4000000,1782.4000000,4539
comex.GC,D,22/02/21,000000,1782.8000000,1812.4000000,1778.6000000,1810.0000000,209724
comex.GC,D,23/02/21,000000,1810.1000000,1815.2000000,1794.5000000,1805.1000000,183990
comex.GC,D,24/02/21,000000,1805.2000000,1813.0000000,1782.2000000,1802.4000000,215989
comex.GC,D,25/02/21,000000,1802.4000000,1803.5000000,1763.9000000,1768.4000000,302145
comex.GC,D,26/02/21,000000,1768.6000000,1773.8000000,1714.9000000,1733.0000000,337658
comex.GC,D,28/02/21,000000,1732.8000000,1738.3000000,1731.6000000,1737.8000000,5420
comex.GC,D,01/03/21,000000,1737.8000000,1757.4000000,1717.2000000,1722.7000000,228358
comex.GC,D,02/03/21,000000,1722.6000000,1739.1000000,1704.6000000,1735.2000000,221309
comex.GC,D,03/03/21,000000,1735.2000000,1736.2000000,1699.4000000,1708.1000000,239863
comex.GC,D,04/03/21,000000,1708.2000000,1721.6000000,1687.6000000,1691.6000000,248013
comex.GC,D,05/03/21,000000,1691.6000000,1705.7000000,1683.0000000,1698.2000000,206463
comex.GC,D,07/03/21,000000,1701.6000000,1712.0000000,1700.3000000,1705.3000000,6700
comex.GC,D,08/03/21,000000,1705.3000000,1711.3000000,1673.3000000,1681.4000000,197826
comex.GC,D,09/03/21,000000,1681.3000000,1718.7000000,1676.7000000,1714.1000000,199419
comex.GC,D,10/03/21,000000,1713.9000000,1725.8000000,1705.6000000,1725.4000000,164051
comex.GC,D,11/03/21,000000,1725.4000000,1738.0000000,1716.8000000,1721.1000000,164323
comex.GC,D,12/03/21,000000,1721.0000000,1728.0000000,1696.6000000,1725.8000000,185986
comex.GC,D,14/03/21,000000,1726.5000000,1729.6000000,1722.6000000,1723.9000000,4420
comex.GC,D,15/03/21,000000,1723.8000000,1733.2000000,1719.2000000,1729.3000000,141461
comex.GC,D,16/03/21,000000,1729.2000000,1740.5000000,1724.4000000,1730.1000000,155403
comex.GC,D,17/03/21,000000,1730.0000000,1750.6000000,1722.0000000,1747.3000000,206545
comex.GC,D,18/03/21,000000,1747.2000000,1754.2000000,1716.6000000,1733.6000000,239560
comex.GC,D,19/03/21,000000,1733.6000000,1746.1000000,1727.1000000,1743.9000000,180237
comex.GC,D,21/03/21,000000,1745.6000000,1747.0000000,1737.1000000,1737.5000000,6180
comex.GC,D,22/03/21,000000,1737.5000000,1742.1000000,1726.4000000,1738.6000000,163099
comex.GC,D,23/03/21,000000,1738.5000000,1742.0000000,1722.7000000,1725.7000000,174987
comex.GC,D,24/03/21,000000,1725.8000000,1737.7000000,1722.3000000,1733.5000000,128422
comex.GC,D,25/03/21,000000,1733.5000000,1744.8000000,1720.3000000,1726.0000000,191211
comex.GC,D,26/03/21,000000,1726.1000000,1735.5000000,1718.8000000,1731.6000000,111108
comex.GC,D,28/03/21,000000,1731.5000000,1732.6000000,1729.6000000,1730.0000000,1629
comex.GC,D,29/03/21,000000,1730.0000000,1731.7000000,1703.3000000,1710.3000000,69197
comex.GC,D,30/03/21,000000,1710.2000000,1712.6000000,1676.5000000,1685.9000000,11207
comex.GC,D,31/03/21,000000,1686.0000000,1716.3000000,1677.3000000,1708.3000000,201718
comex.GC,D,01/04/21,000000,1708.4000000,1732.0000000,1706.4000000,1730.3000000,161291
comex.GC,D,02/04/21,000000,1728.4000000,1728.4000000,1728.4000000,1728.4000000,1
comex.GC,D,04/04/21,000000,1728.4000000,1730.3000000,1727.5000000,1729.0000000,3348
comex.GC,D,05/04/21,000000,1729.0000000,1734.4000000,1721.6000000,1730.3000000,99026
comex.GC,D,06/04/21,000000,1730.2000000,1746.7000000,1728.2000000,1744.4000000,145556
comex.GC,D,07/04/21,000000,1744.3000000,1744.4000000,1731.2000000,1737.8000000,118075
comex.GC,D,08/04/21,000000,1737.8000000,1759.4000000,1733.6000000,1755.1000000,135563
comex.GC,D,09/04/21,000000,1755.1000000,1758.2000000,1730.8000000,1744.1000000,161175
comex.GC,D,11/04/21,000000,1744.5000000,1745.0000000,1741.2000000,1742.2000000,2433
comex.GC,D,12/04/21,000000,1742.2000000,1746.2000000,1727.0000000,1732.1000000,119966
comex.GC,D,13/04/21,000000,1732.1000000,1749.5000000,1723.2000000,1747.0000000,168544
comex.GC,D,14/04/21,000000,1747.0000000,1750.7000000,1732.3000000,1736.8000000,137371
comex.GC,D,15/04/21,000000,1736.7000000,1770.6000000,1734.4000000,1764.6000000,191793
comex.GC,D,16/04/21,000000,1764.6000000,1784.7000000,1760.3000000,1777.3000000,163337
comex.GC,D,18/04/21,000000,1778.8000000,1778.9000000,1775.5000000,1777.3000000,3157
comex.GC,D,19/04/21,000000,1777.2000000,1790.4000000,1766.6000000,1772.4000000,174491
comex.GC,D,20/04/21,000000,1772.3000000,1780.8000000,1763.5000000,1777.0000000,163342
comex.GC,D,21/04/21,000000,1777.1000000,1798.4000000,1776.6000000,1794.3000000,167569
comex.GC,D,22/04/21,000000,1794.3000000,1798.1000000,1777.1000000,1783.4000000,160494
comex.GC,D,23/04/21,000000,1783.4000000,1796.3000000,1769.5000000,1776.7000000,163573
comex.GC,D,25/04/21,000000,1776.1000000,1776.4000000,1773.6000000,1774.7000000,2353
comex.GC,D,26/04/21,000000,1774.7000000,1783.1000000,1768.2000000,1779.8000000,132268
comex.GC,D,27/04/21,000000,1779.9000000,1785.9000000,1773.9000000,1775.3000000,133712
comex.GC,D,28/04/21,000000,1775.3000000,1784.0000000,1761.8000000,1783.9000000,186263
comex.GC,D,29/04/21,000000,1783.8000000,1789.9000000,1754.6000000,1772.9000000,216038
comex.GC,D,30/04/21,000000,1772.8000000,1772.9000000,1763.3000000,1768.8000000,142245
comex.GC,D,02/05/21,000000,1768.1000000,1768.8000000,1765.6000000,1768.5000000,2404
comex.GC,D,03/05/21,000000,1768.4000000,1798.9000000,1766.7000000,1792.4000000,164798
comex.GC,D,04/05/21,000000,1792.3000000,1799.5000000,1769.2000000,1778.3000000,230386
comex.GC,D,05/05/21,000000,1778.2000000,1788.1000000,1769.3000000,1785.1000000,158591
comex.GC,D,06/05/21,000000,1785.2000000,1818.6000000,1781.8000000,1815.2000000,252102
comex.GC,D,07/05/21,000000,1815.2000000,1844.6000000,1813.4000000,1832.0000000,318030
comex.GC,D,09/05/21,000000,1835.4000000,1837.6000000,1832.7000000,1836.9000000,4297
comex.GC,D,10/05/21,000000,1836.9000000,1846.3000000,1830.5000000,1836.8000000,200044
comex.GC,D,11/05/21,000000,1836.8000000,1842.5000000,1817.8000000,1836.1000000,232857
comex.GC,D,12/05/21,000000,1836.2000000,1844.7000000,1813.0000000,1817.6000000,276445
comex.GC,D,13/05/21,000000,1817.5000000,1829.1000000,1808.4000000,1825.2000000,201796
comex.GC,D,14/05/21,000000,1825.3000000,1847.1000000,1819.0000000,1844.0000000,196937
comex.GC,D,16/05/21,000000,1845.9000000,1849.7000000,1842.6000000,1847.4000000,5858
comex.GC,D,17/05/21,000000,1847.3000000,1869.8000000,1843.9000000,1869.8000000,201386
comex.GC,D,18/05/21,000000,1869.6000000,1875.9000000,1863.5000000,1870.6000000,179230
comex.GC,D,19/05/21,000000,1870.7000000,1891.3000000,1852.2000000,1866.2000000,333874
comex.GC,D,20/05/21,000000,1866.1000000,1885.3000000,1864.2000000,1874.5000000,164637
comex.GC,D,21/05/21,000000,1874.4000000,1890.3000000,1870.3000000,1881.8000000,189563
comex.GC,D,23/05/21,000000,1883.5000000,1884.6000000,1880.8000000,1884.1000000,3592
comex.GC,D,24/05/21,000000,1884.2000000,1887.9000000,1875.7000000,1878.1000000,147447
comex.GC,D,25/05/21,000000,1878.0000000,1901.2000000,1873.2000000,1898.9000000,189646
comex.GC,D,26/05/21,000000,1898.9000000,1913.3000000,1890.7000000,1896.1000000,113042
comex.GC,D,27/05/21,000000,1896.3000000,1903.9000000,1888.2000000,1896.9000000,12267
comex.GC,D,28/05/21,000000,1897.4000000,1905.4000000,1881.9000000,1903.7000000,854
comex.GC,D,30/05/21,000000,1906.8000000,1908.0000000,1906.0000000,1906.7000000,2028
comex.GC,D,31/05/21,000000,1906.7000000,1913.4000000,1904.8000000,1911.2000000,70783
comex.GC,D,01/06/21,000000,1911.2000000,1919.2000000,1894.5000000,1901.4000000,208654
comex.GC,D,02/06/21,000000,1901.3000000,1912.1000000,1896.4000000,1910.5000000,157920
comex.GC,D,03/06/21,000000,1910.6000000,1912.3000000,1866.7000000,1872.7000000,256773
comex.GC,D,04/06/21,000000,1872.7000000,1899.0000000,1855.6000000,1894.1000000,217338
comex.GC,D,06/06/21,000000,1894.3000000,1894.6000000,1891.2000000,1891.8000000,2056
comex.GC,D,07/06/21,000000,1891.9000000,1902.9000000,1883.7000000,1901.4000000,138781
comex.GC,D,08/06/21,000000,1901.3000000,1906.9000000,1885.7000000,1895.9000000,168202
comex.GC,D,09/06/21,000000,1895.8000000,1901.7000000,1889.3000000,1891.2000000,138236
comex.GC,D,10/06/21,000000,1891.1000000,1903.0000000,1871.8000000,1901.3000000,241442
comex.GC,D,11/06/21,000000,1901.3000000,1906.2000000,1876.1000000,1879.5000000,205587
comex.GC,D,13/06/21,000000,1879.6000000,1879.7000000,1875.2000000,1875.7000000,5154
comex.GC,D,14/06/21,000000,1875.6000000,1875.8000000,1845.7000000,1868.6000000,230804
comex.GC,D,15/06/21,000000,1868.5000000,1870.9000000,1853.0000000,1859.5000000,152021
comex.GC,D,16/06/21,000000,1859.6000000,1866.0000000,1804.4000000,1819.7000000,222490
comex.GC,D,17/06/21,000000,1819.7000000,1826.4000000,1767.9000000,1777.2000000,362616
comex.GC,D,18/06/21,000000,1777.2000000,1797.9000000,1761.2000000,1763.9000000,244271
comex.GC,D,20/06/21,000000,1764.3000000,1770.2000000,1764.1000000,1769.4000000,4935
comex.GC,D,21/06/21,000000,1769.3000000,1787.5000000,1766.1000000,1783.7000000,185333
comex.GC,D,22/06/21,000000,1783.6000000,1790.1000000,1771.2000000,1777.8000000,162704
comex.GC,D,23/06/21,000000,1777.7000000,1795.6000000,1773.1000000,1777.4000000,173672
comex.GC,D,24/06/21,000000,1777.4000000,1788.6000000,1772.7000000,1775.3000000,143706
comex.GC,D,25/06/21,000000,1775.2000000,1791.0000000,1773.6000000,1781.8000000,149787
comex.GC,D,27/06/21,000000,1782.0000000,1782.9000000,1780.8000000,1782.0000000,2588
comex.GC,D,28/06/21,000000,1782.0000000,1786.1000000,1770.4000000,1778.5000000,154896
comex.GC,D,29/06/21,000000,1778.4000000,1779.0000000,1750.1000000,1761.7000000,227859
comex.GC,D,30/06/21,000000,1761.7000000,1774.7000000,1753.2000000,1768.5000000,164250
comex.GC,D,01/07/21,000000,1768.6000000,1783.4000000,1765.9000000,1776.1000000,162473
comex.GC,D,02/07/21,000000,1776.0000000,1795.9000000,1774.4000000,1787.7000000,193116
comex.GC,D,04/07/21,000000,1787.5000000,1788.0000000,1785.8000000,1786.5000000,1787
comex.GC,D,05/07/21,000000,1786.6000000,1796.4000000,1784.7000000,1791.4000000,59315
comex.GC,D,06/07/21,000000,1791.3000000,1815.7000000,1790.2000000,1795.6000000,205656
comex.GC,D,07/07/21,000000,1795.6000000,1810.2000000,1794.1000000,1803.5000000,157218
comex.GC,D,08/07/21,000000,1803.5000000,1819.5000000,1793.5000000,1804.0000000,198760
comex.GC,D,09/07/21,000000,1804.1000000,1813.0000000,1796.6000000,1808.6000000,134209
comex.GC,D,11/07/21,000000,1808.5000000,1808.8000000,1806.5000000,1806.7000000,2432
comex.GC,D,12/07/21,000000,1806.8000000,1811.0000000,1791.0000000,1807.6000000,152083
comex.GC,D,13/07/21,000000,1807.5000000,1818.0000000,1798.7000000,1806.5000000,190544
comex.GC,D,14/07/21,000000,1806.6000000,1831.1000000,1804.9000000,1827.3000000,178597
comex.GC,D,15/07/21,000000,1827.3000000,1835.0000000,1820.6000000,1830.1000000,140539
comex.GC,D,16/07/21,000000,1830.2000000,1832.1000000,1809.5000000,1812.5000000,164316
comex.GC,D,18/07/21,000000,1811.6000000,1816.6000000,1810.9000000,1816.4000000,3654
comex.GC,D,19/07/21,000000,1816.3000000,1818.0000000,1795.0000000,1812.0000000,184328
comex.GC,D,20/07/21,000000,1812.0000000,1825.9000000,1805.2000000,1810.1000000,185000
comex.GC,D,21/07/21,000000,1810.0000000,1814.4000000,1794.3000000,1802.9000000,159032
comex.GC,D,22/07/21,000000,1802.8000000,1809.2000000,1791.9000000,1807.4000000,143865
comex.GC,D,23/07/21,000000,1807.5000000,1810.7000000,1789.1000000,1802.1000000,150858
comex.GC,D,25/07/21,000000,1802.3000000,1802.6000000,1800.3000000,1800.7000000,2231
comex.GC,D,26/07/21,000000,1800.6000000,1812.0000000,1796.0000000,1797.3000000,135773
comex.GC,D,27/07/21,000000,1797.2000000,1805.4000000,1792.8000000,1799.8000000,130883
comex.GC,D,28/07/21,000000,1799.8000000,1809.0000000,1790.7000000,1807.9000000,95952
comex.GC,D,29/07/21,000000,1807.9000000,1835.3000000,1807.2000000,1834.4000000,16001
comex.GC,D,30/07/21,000000,1834.5000000,1835.5000000,1813.1000000,1816.9000000,142855
comex.GC,D,01/08/21,000000,1817.0000000,1818.0000000,1814.9000000,1816.6000000,2869
comex.GC,D,02/08/21,000000,1816.6000000,1823.2000000,1808.2000000,1816.0000000,152790
comex.GC,D,03/08/21,000000,1815.9000000,1818.2000000,1809.5000000,1814.1000000,97285
comex.GC,D,04/08/21,000000,1814.2000000,1835.9000000,1808.3000000,1814.5000000,234203
comex.GC,D,05/08/21,000000,1814.4000000,1817.9000000,1799.7000000,1805.6000000,160706
comex.GC,D,06/08/21,000000,1805.6000000,1805.8000000,1759.5000000,1763.5000000,292633
comex.GC,D,08/08/21,000000,1765.0000000,1765.7000000,1677.9000000,1721.6000000,46924
comex.GC,D,09/08/21,000000,1721.6000000,1754.0000000,1710.0000000,1733.0000000,230692
comex.GC,D,10/08/21,000000,1733.0000000,1739.4000000,1718.5000000,1727.8000000,170403
comex.GC,D,11/08/21,000000,1727.8000000,1756.7000000,1724.6000000,1753.9000000,176503
comex.GC,D,12/08/21,000000,1753.9000000,1759.6000000,1742.6000000,1754.9000000,131650
comex.GC,D,13/08/21,000000,1755.0000000,1781.9000000,1753.0000000,1781.5000000,137440
comex.GC,D,15/08/21,000000,1781.0000000,1781.3000000,1779.8000000,1780.2000000,547
comex.GC,D,16/08/21,000000,1780.2000000,1791.3000000,1772.0000000,1789.3000000,131176
comex.GC,D,17/08/21,000000,1789.2000000,1797.6000000,1782.1000000,1788.0000000,137870
comex.GC,D,18/08/21,000000,1788.0000000,1795.7000000,1778.8000000,1789.4000000,128936
comex.GC,D,19/08/21,000000,1789.3000000,1795.0000000,1774.6000000,1781.2000000,144897
comex.GC,D,20/08/21,000000,1781.2000000,1791.0000000,1780.0000000,1782.6000000,100324
comex.GC,D,22/08/21,000000,1781.2000000,1784.1000000,1778.8000000,1780.3000000,3596
comex.GC,D,23/08/21,000000,1780.2000000,1809.1000000,1778.0000000,1807.3000000,144763
comex.GC,D,24/08/21,000000,1807.1000000,1812.2000000,1802.6000000,1803.8000000,111966
comex.GC,D,25/08/21,000000,1803.8000000,1804.7000000,1784.0000000,1793.4000000,156089
comex.GC,D,26/08/21,000000,1793.3000000,1800.4000000,1781.3000000,1795.5000000,129283
comex.GC,D,27/08/21,000000,1795.5000000,1821.9000000,1785.8000000,1820.5000000,178876
comex.GC,D,29/08/21,000000,1821.6000000,1822.2000000,1820.3000000,1821.1000000,3003
comex.GC,D,30/08/21,000000,1821.1000000,1826.5000000,1810.0000000,1812.9000000,100103
comex.GC,D,31/08/21,000000,1812.8000000,1821.9000000,1803.4000000,1817.2000000,159224
comex.GC,D,01/09/21,000000,1817.2000000,1822.7000000,1810.6000000,1815.6000000,132030
comex.GC,D,02/09/21,000000,1815.5000000,1819.6000000,1806.5000000,1811.4000000,107058
comex.GC,D,03/09/21,000000,1811.5000000,1836.9000000,1810.9000000,1829.9000000,177816
comex.GC,D,05/09/21,000000,1833.5000000,1833.5000000,1829.6000000,1829.8000000,2503
comex.GC,D,06/09/21,000000,1829.8000000,1830.6000000,1823.6000000,1825.8000000,43185
comex.GC,D,07/09/21,000000,1825.7000000,1829.5000000,1793.7000000,1797.5000000,199383
comex.GC,D,08/09/21,000000,1797.6000000,1804.4000000,1783.1000000,1792.4000000,156072
comex.GC,D,09/09/21,000000,1792.4000000,1803.4000000,1785.1000000,1796.6000000,144230
comex.GC,D,10/09/21,000000,1796.6000000,1806.0000000,1788.2000000,1788.2000000,125584
comex.GC,D,12/09/21,000000,1789.8000000,1790.5000000,1788.5000000,1788.8000000,2280
comex.GC,D,13/09/21,000000,1788.9000000,1800.2000000,1784.4000000,1794.5000000,105326
comex.GC,D,14/09/21,000000,1794.5000000,1810.6000000,1780.6000000,1805.5000000,190902
comex.GC,D,15/09/21,000000,1805.6000000,1808.5000000,1791.7000000,1796.2000000,137108
comex.GC,D,16/09/21,000000,1796.1000000,1797.3000000,1745.5000000,1754.1000000,235721
comex.GC,D,17/09/21,000000,1754.2000000,1767.8000000,1747.1000000,1753.9000000,169070
comex.GC,D,19/09/21,000000,1754.2000000,1755.6000000,1751.1000000,1754.4000000,4399
comex.GC,D,20/09/21,000000,1754.5000000,1768.4000000,1742.3000000,1765.7000000,142712
comex.GC,D,21/09/21,000000,1765.6000000,1782.8000000,1758.3000000,1775.5000000,131088
comex.GC,D,22/09/21,000000,1775.4000000,1788.4000000,1764.6000000,1767.7000000,161550
comex.GC,D,23/09/21,000000,1767.8000000,1777.1000000,1737.5000000,1746.3000000,209814
comex.GC,D,24/09/21,000000,1746.3000000,1758.0000000,1740.2000000,1750.6000000,136287
comex.GC,D,26/09/21,000000,1751.8000000,1752.1000000,1748.3000000,1749.7000000,2411
comex.GC,D,27/09/21,000000,1749.8000000,1760.9000000,1744.7000000,1751.3000000,124160
comex.GC,D,28/09/21,000000,1751.2000000,1754.3000000,1727.8000000,1735.2000000,194537
comex.GC,D,29/09/21,000000,1735.3000000,1746.0000000,1721.1000000,1728.6000000,166798
comex.GC,D,30/09/21,000000,1728.6000000,1765.0000000,1721.8000000,1753.6000000,221960
comex.GC,D,01/10/21,000000,1753.6000000,1765.2000000,1749.9000000,1761.3000000,138703
comex.GC,D,03/10/21,000000,1762.6000000,1766.3000000,1760.7000000,1764.0000000,4327
comex.GC,D,04/10/21,000000,1763.8000000,1771.5000000,1747.7000000,1768.7000000,160092
comex.GC,D,05/10/21,000000,1768.7000000,1769.0000000,1748.6000000,1759.9000000,143518
comex.GC,D,06/10/21,000000,1759.8000000,1765.9000000,1745.4000000,1764.5000000,153934
comex.GC,D,07/10/21,000000,1764.6000000,1767.7000000,1752.0000000,1755.5000000,138868
comex.GC,D,08/10/21,000000,1755.5000000,1782.4000000,1753.6000000,1757.2000000,228699
comex.GC,D,10/10/21,000000,1757.4000000,1758.4000000,1751.0000000,1754.2000000,7189
comex.GC,D,11/10/21,000000,1754.1000000,1761.1000000,1749.9000000,1753.3000000,105022
comex.GC,D,12/10/21,000000,1753.3000000,1770.0000000,1750.5000000,1760.6000000,159804
comex.GC,D,13/10/21,000000,1760.6000000,1797.4000000,1757.9000000,1792.6000000,286676
comex.GC,D,14/10/21,000000,1792.6000000,1801.9000000,1787.6000000,1796.6000000,155934
comex.GC,D,15/10/21,000000,1796.6000000,1797.7000000,1765.1000000,1768.1000000,193866
comex.GC,D,17/10/21,000000,1767.5000000,1772.5000000,1764.8000000,1771.3000000,5678
comex.GC,D,18/10/21,000000,1771.3000000,1772.5000000,1760.3000000,1764.5000000,144893
comex.GC,D,19/10/21,000000,1764.6000000,1786.0000000,1763.9000000,1769.1000000,163314
comex.GC,D,20/10/21,000000,1769.0000000,1789.6000000,1767.1000000,1781.9000000,167626
comex.GC,D,21/10/21,000000,1781.9000000,1790.3000000,1776.8000000,1785.4000000,137039
comex.GC,D,22/10/21,000000,1785.4000000,1815.5000000,1783.4000000,1793.1000000,287932
comex.GC,D,24/10/21,000000,1794.2000000,1795.3000000,1793.2000000,1795.3000000,2913
comex.GC,D,25/10/21,000000,1795.3000000,1811.5000000,1793.0000000,1809.3000000,142696
comex.GC,D,26/10/21,000000,1809.2000000,1809.3000000,1783.0000000,1795.0000000,193009
comex.GC,D,27/10/21,000000,1795.0000000,1801.0000000,1784.3000000,1798.1000000,178954
comex.GC,D,28/10/21,000000,1798.1000000,1812.7000000,1793.1000000,1801.1000000,206251
comex.GC,D,29/10/21,000000,1801.1000000,1801.5000000,1772.4000000,1785.0000000,236766
comex.GC,D,31/10/21,000000,1785.3000000,1785.3000000,1780.2000000,1781.1000000,3037
comex.GC,D,01/11/21,000000,1781.3000000,1797.5000000,1781.1000000,1793.5000000,128215
comex.GC,D,02/11/21,000000,1793.5000000,1797.8000000,1787.4000000,1788.2000000,133563
comex.GC,D,03/11/21,000000,1788.2000000,1788.8000000,1758.5000000,1778.1000000,216330
comex.GC,D,04/11/21,000000,1778.2000000,1800.3000000,1770.9000000,1792.4000000,203337
comex.GC,D,05/11/21,000000,1792.5000000,1820.1000000,1785.3000000,1820.0000000,238078
comex.GC,D,07/11/21,000000,1820.6000000,1820.7000000,1816.8000000,1817.5000000,3769
comex.GC,D,08/11/21,000000,1817.5000000,1828.3000000,1813.8000000,1826.4000000,153193
comex.GC,D,09/11/21,000000,1826.5000000,1834.8000000,1821.0000000,1832.0000000,168835
comex.GC,D,10/11/21,000000,1832.0000000,1870.6000000,1823.0000000,1850.6000000,269543
comex.GC,D,11/11/21,000000,1850.7000000,1868.7000000,1845.1000000,1864.5000000,151217
comex.GC,D,12/11/21,000000,1864.4000000,1871.4000000,1847.5000000,1867.7000000,168584
comex.GC,D,14/11/21,000000,1872.6000000,1872.6000000,1866.9000000,1868.0000000,2666
comex.GC,D,15/11/21,000000,1868.1000000,1873.0000000,1858.5000000,1864.4000000,124066
comex.GC,D,16/11/21,000000,1864.4000000,1879.5000000,1851.0000000,1851.9000000,197199
comex.GC,D,17/11/21,000000,1851.9000000,1870.6000000,1851.2000000,1868.7000000,140226
comex.GC,D,18/11/21,000000,1868.8000000,1873.3000000,1856.6000000,1861.1000000,142996
comex.GC,D,19/11/21,000000,1861.1000000,1868.1000000,1844.2000000,1846.8000000,182763
comex.GC,D,21/11/21,000000,1848.3000000,1848.5000000,1839.9000000,1846.0000000,5358
comex.GC,D,22/11/21,000000,1846.1000000,1850.4000000,1802.4000000,1809.3000000,236872
comex.GC,D,23/11/21,000000,1809.3000000,1812.5000000,1781.7000000,1791.3000000,192785
comex.GC,D,24/11/21,000000,1791.4000000,1796.2000000,1777.4000000,1789.8000000,136562
comex.GC,D,25/11/21,000000,1789.8000000,1801.8000000,1787.7000000,1792.4000000,49294
comex.GC,D,26/11/21,000000,1792.4000000,1816.3000000,1778.6000000,1792.3000000,108723
comex.GC,D,28/11/21,000000,1791.7000000,1796.1000000,1780.0000000,1794.8000000,4196
comex.GC,D,29/11/21,000000,1794.5000000,1798.9000000,1779.1000000,1788.4000000,17862
comex.GC,D,30/11/21,000000,1788.4000000,1811.4000000,1771.2000000,1774.6000000,233543
comex.GC,D,01/12/21,000000,1774.6000000,1795.7000000,1774.0000000,1783.6000000,169262
comex.GC,D,02/12/21,000000,1783.6000000,1783.9000000,1762.2000000,1769.9000000,161811
comex.GC,D,03/12/21,000000,1769.8000000,1788.0000000,1766.0000000,1783.9000000,161866
comex.GC,D,05/12/21,000000,1787.7000000,1789.0000000,1781.5000000,1783.9000000,14042
comex.GC,D,06/12/21,000000,1783.8000000,1788.4000000,1776.4000000,1781.7000000,99864
comex.GC,D,07/12/21,000000,1781.7000000,1791.6000000,1772.4000000,1785.5000000,123160
comex.GC,D,08/12/21,000000,1785.5000000,1794.3000000,1780.1000000,1784.3000000,106338
comex.GC,D,09/12/21,000000,1784.5000000,1788.4000000,1773.4000000,1776.8000000,116192
comex.GC,D,10/12/21,000000,1776.9000000,1791.0000000,1770.4000000,1783.1000000,134161
comex.GC,D,12/12/21,000000,1784.2000000,1790.1000000,1782.3000000,1783.8000000,13384
comex.GC,D,13/12/21,000000,1783.7000000,1792.8000000,1782.2000000,1786.3000000,103546
comex.GC,D,14/12/21,000000,1786.4000000,1789.8000000,1766.1000000,1772.8000000,145109
comex.GC,D,15/12/21,000000,1772.9000000,1783.6000000,1753.0000000,1780.1000000,160338
comex.GC,D,16/12/21,000000,1780.2000000,1804.5000000,1775.7000000,1799.8000000,161008
comex.GC,D,17/12/21,000000,1799.9000000,1815.7000000,1796.5000000,1798.6000000,142566
comex.GC,D,19/12/21,000000,1800.2000000,1803.3000000,1799.0000000,1800.7000000,14114
comex.GC,D,20/12/21,000000,1800.7000000,1804.6000000,1789.0000000,1792.2000000,103419
comex.GC,D,21/12/21,000000,1792.3000000,1801.7000000,1785.0000000,1791.0000000,127509
comex.GC,D,22/12/21,000000,1790.9000000,1807.6000000,1785.8000000,1804.5000000,107590
comex.GC,D,23/12/21,000000,1804.4000000,1812.0000000,1799.0000000,1810.1000000,97458
comex.GC,D,26/12/21,000000,1810.2000000,1810.2000000,1806.7000000,1808.2000000,1981
comex.GC,D,27/12/21,000000,1808.2000000,1814.6000000,1803.6000000,1813.2000000,77920
comex.GC,D,28/12/21,000000,1813.1000000,1821.6000000,1805.5000000,1807.2000000,97923
comex.GC,D,29/12/21,000000,1807.1000000,1808.0000000,1789.1000000,1805.2000000,133168
comex.GC,D,30/12/21,000000,1805.4000000,1818.1000000,1796.2000000,1816.6000000,103330
comex.GC,D,31/12/21,000000,1816.6000000,1831.4000000,1815.5000000,1830.5000000,94998
comex.GC,D,02/01/22,000000,1830.1000000,1833.0000000,1828.9000000,1829.5000000,2596
comex.GC,D,03/01/22,000000,1829.4000000,1832.6000000,1798.2000000,1804.1000000,152785
comex.GC,D,04/01/22,000000,1804.3000000,1817.2000000,1798.1000000,1814.3000000,153447
comex.GC,D,05/01/22,000000,1814.4000000,1830.7000000,1808.2000000,1810.4000000,154805
comex.GC,D,06/01/22,000000,1810.5000000,1811.4000000,1785.4000000,1791.1000000,201599
comex.GC,D,07/01/22,000000,1791.2000000,1798.4000000,1781.3000000,1796.5000000,160763
comex.GC,D,09/01/22,000000,1796.4000000,1796.4000000,1794.0000000,1794.8000000,1593
comex.GC,D,10/01/22,000000,1794.8000000,1802.8000000,1789.3000000,1801.0000000,131450
comex.GC,D,11/01/22,000000,1801.2000000,1823.1000000,1801.0000000,1820.5000000,143325
comex.GC,D,12/01/22,000000,1820.4000000,1828.2000000,1814.4000000,1825.1000000,144630
comex.GC,D,13/01/22,000000,1825.1000000,1828.3000000,1811.8000000,1820.5000000,135198
comex.GC,D,14/01/22,000000,1820.4000000,1829.3000000,1814.2000000,1817.3000000,151842
comex.GC,D,16/01/22,000000,1818.7000000,1818.9000000,1815.1000000,1815.8000000,1896
comex.GC,D,17/01/22,000000,1815.7000000,1822.9000000,1812.2000000,1818.7000000,47382
comex.GC,D,18/01/22,000000,1818.8000000,1822.4000000,1804.7000000,1813.9000000,207212
comex.GC,D,19/01/22,000000,1814.0000000,1843.9000000,1809.0000000,1838.9000000,238251
comex.GC,D,20/01/22,000000,1838.9000000,1848.5000000,1836.2000000,1839.6000000,161718
comex.GC,D,21/01/22,000000,1839.4000000,1843.7000000,1828.4000000,1836.1000000,167815
comex.GC,D,23/01/22,000000,1835.2000000,1837.5000000,1832.2000000,1835.1000000,3651
comex.GC,D,24/01/22,000000,1835.3000000,1844.9000000,1829.3000000,1843.8000000,164095
comex.GC,D,25/01/22,000000,1843.8000000,1854.2000000,1834.4000000,1849.7000000,156028
comex.GC,D,26/01/22,000000,1849.6000000,1849.7000000,1814.1000000,1821.4000000,181949
comex.GC,D,27/01/22,000000,1821.3000000,1821.3000000,1790.6000000,1796.3000000,131534
comex.GC,D,28/01/22,000000,1796.3000000,1798.4000000,1778.8000000,1790.1000000,11066
comex.GC,D,30/01/22,000000,1792.8000000,1792.8000000,1788.8000000,1790.1000000,2535
comex.GC,D,31/01/22,000000,1790.1000000,1800.9000000,1785.8000000,1798.6000000,125869
comex.GC,D,01/02/22,000000,1798.6000000,1809.7000000,1796.2000000,1801.0000000,122580
comex.GC,D,02/02/22,000000,1801.0000000,1812.0000000,1794.6000000,1808.4000000,115553
comex.GC,D,03/02/22,000000,1808.3000000,1809.5000000,1788.5000000,1806.3000000,166726
comex.GC,D,04/02/22,000000,1806.2000000,1815.8000000,1792.1000000,1808.8000000,169517
comex.GC,D,06/02/22,000000,1808.0000000,1814.7000000,1807.5000000,1810.6000000,3508
comex.GC,D,07/02/22,000000,1810.7000000,1824.6000000,1809.0000000,1822.9000000,131071
comex.GC,D,08/02/22,000000,1822.9000000,1829.9000000,1816.0000000,1827.0000000,132870
comex.GC,D,09/02/22,000000,1827.0000000,1837.1000000,1825.5000000,1833.3000000,124247
comex.GC,D,10/02/22,000000,1833.3000000,1843.3000000,1821.8000000,1827.3000000,211674
comex.GC,D,11/02/22,000000,1827.3000000,1867.4000000,1821.1000000,1860.6000000,225004
comex.GC,D,13/02/22,000000,1862.2000000,1864.0000000,1856.8000000,1861.1000000,6735
comex.GC,D,14/02/22,000000,1861.1000000,1876.5000000,1851.9000000,1873.0000000,211793
comex.GC,D,15/02/22,000000,1873.1000000,1881.6000000,1845.4000000,1854.5000000,205319
comex.GC,D,16/02/22,000000,1854.5000000,1874.6000000,1851.8000000,1871.7000000,132943
comex.GC,D,17/02/22,000000,1871.9000000,1904.0000000,1869.7000000,1902.6000000,245993
comex.GC,D,18/02/22,000000,1902.6000000,1905.0000000,1888.0000000,1900.8000000,150585
comex.GC,D,20/02/22,000000,1903.5000000,1909.5000000,1899.5000000,1907.3000000,6710
comex.GC,D,21/02/22,000000,1907.4000000,1918.3000000,1889.7000000,1912.0000000,106578
comex.GC,D,22/02/22,000000,1912.0000000,1916.4000000,1892.8000000,1899.9000000,198061
comex.GC,D,23/02/22,000000,1899.9000000,1913.8000000,1891.1000000,1913.1000000,148267
comex.GC,D,24/02/22,000000,1913.0000000,1976.5000000,1878.6000000,1907.8000000,399026
comex.GC,D,25/02/22,000000,1907.8000000,1925.0000000,1884.4000000,1890.1000000,210841
comex.GC,D,27/02/22,000000,1921.0000000,1935.2000000,1906.6000000,1912.5000000,17252
comex.GC,D,28/02/22,000000,1912.3000000,1921.8000000,1892.2000000,1908.1000000,220568
comex.GC,D,01/03/22,000000,1907.9000000,1952.6000000,1903.0000000,1945.0000000,210715
comex.GC,D,02/03/22,000000,1944.9000000,1951.4000000,1916.0000000,1931.0000000,214757
comex.GC,D,03/03/22,000000,1931.0000000,1944.6000000,1923.1000000,1937.3000000,159738
comex.GC,D,04/03/22,000000,1937.4000000,1974.9000000,1931.5000000,1974.9000000,218468
comex.GC,D,06/03/22,000000,1978.5000000,1995.8000000,1977.0000000,1992.2000000,13438
comex.GC,D,07/03/22,000000,1992.6000000,2007.5000000,1964.2000000,2002.8000000,280046
comex.GC,D,08/03/22,000000,2003.0000000,2078.8000000,1985.8000000,2051.5000000,366171
comex.GC,D,09/03/22,000000,2051.5000000,2068.5000000,1981.0000000,1994.9000000,295338
comex.GC,D,10/03/22,000000,1994.8000000,2015.1000000,1975.0000000,2000.6000000,206430
comex.GC,D,11/03/22,000000,2000.8000000,2003.0000000,1960.6000000,1992.3000000,172852
comex.GC,D,13/03/22,000000,1988.7000000,1994.8000000,1975.0000000,1978.0000000,6920
comex.GC,D,14/03/22,000000,1977.8000000,1982.6000000,1952.0000000,1954.6000000,130772
comex.GC,D,15/03/22,000000,1954.6000000,1954.7000000,1908.1000000,1919.8000000,173200
comex.GC,D,16/03/22,000000,1919.7000000,1930.1000000,1895.2000000,1928.1000000,157153
comex.GC,D,17/03/22,000000,1928.0000000,1951.0000000,1926.7000000,1944.3000000,123378
comex.GC,D,18/03/22,000000,1944.4000000,1946.2000000,1918.0000000,1921.5000000,116063
comex.GC,D,20/03/22,000000,1922.4000000,1928.2000000,1918.4000000,1919.1000000,3517
comex.GC,D,21/03/22,000000,1919.0000000,1941.8000000,1917.2000000,1936.1000000,102791
comex.GC,D,22/03/22,000000,1936.2000000,1939.5000000,1909.8000000,1919.7000000,114735
comex.GC,D,23/03/22,000000,1919.7000000,1948.8000000,1915.6000000,1946.3000000,111981
comex.GC,D,24/03/22,000000,1946.5000000,1967.2000000,1937.4000000,1959.7000000,137463
comex.GC,D,25/03/22,000000,1959.7000000,1965.1000000,1942.6000000,1957.6000000,116410
comex.GC,D,27/03/22,000000,1958.7000000,1959.8000000,1954.5000000,1957.0000000,2393
comex.GC,D,28/03/22,000000,1957.1000000,1958.4000000,1915.7000000,1923.6000000,134555
comex.GC,D,29/03/22,000000,1923.7000000,1929.4000000,1888.3000000,1915.1000000,70382
comex.GC,D,30/03/22,000000,1914.5000000,1938.6000000,1914.5000000,1938.6000000,7371
comex.GC,D,31/03/22,000000,1938.6000000,1955.0000000,1923.0000000,1941.4000000,133709
comex.GC,D,01/04/22,000000,1941.6000000,1944.5000000,1921.4000000,1928.5000000,123180
comex.GC,D,03/04/22,000000,1927.1000000,1928.9000000,1925.0000000,1928.5000000,2060
comex.GC,D,04/04/22,000000,1928.4000000,1941.6000000,1918.2000000,1935.7000000,101874
comex.GC,D,05/04/22,000000,1935.7000000,1948.9000000,1920.9000000,1923.9000000,138017
comex.GC,D,06/04/22,000000,1923.9000000,1937.6000000,1916.2000000,1927.0000000,144400
comex.GC,D,07/04/22,000000,1927.1000000,1941.7000000,1923.3000000,1936.1000000,112992
comex.GC,D,08/04/22,000000,1936.1000000,1952.2000000,1930.4000000,1950.4000000,129918
comex.GC,D,10/04/22,000000,1949.6000000,1954.2000000,1946.4000000,1948.1000000,4945
comex.GC,D,11/04/22,000000,1948.2000000,1974.6000000,1942.9000000,1956.8000000,173317
comex.GC,D,12/04/22,000000,1956.7000000,1982.7000000,1953.0000000,1969.5000000,156074
comex.GC,D,13/04/22,000000,1969.6000000,1985.8000000,1966.3000000,1980.8000000,121663
comex.GC,D,14/04/22,000000,1980.9000000,1984.0000000,1962.7000000,1977.1000000,133451
comex.GC,D,17/04/22,000000,1978.5000000,1992.6000000,1974.4000000,1991.2000000,8379
comex.GC,D,18/04/22,000000,1991.3000000,2003.0000000,1979.3000000,1980.5000000,128890
comex.GC,D,19/04/22,000000,1980.5000000,1985.1000000,1945.5000000,1951.9000000,172300
comex.GC,D,20/04/22,000000,1952.0000000,1960.9000000,1941.0000000,1959.3000000,130440
comex.GC,D,21/04/22,000000,1959.2000000,1959.9000000,1938.0000000,1952.8000000,139612
comex.GC,D,22/04/22,000000,1952.7000000,1957.8000000,1928.0000000,1932.5000000,159717
comex.GC,D,24/04/22,000000,1931.9000000,1935.5000000,1928.8000000,1933.8000000,3596
comex.GC,D,25/04/22,000000,1933.9000000,1933.9000000,1891.8000000,1900.2000000,205678
comex.GC,D,26/04/22,000000,1900.3000000,1912.2000000,1896.3000000,1907.5000000,152972
comex.GC,D,27/04/22,000000,1907.5000000,1908.1000000,1881.6000000,1886.1000000,163482
comex.GC,D,28/04/22,000000,1886.0000000,1897.8000000,1870.9000000,1896.4000000,162767
comex.GC,D,29/04/22,000000,1896.3000000,1921.3000000,1895.2000000,1896.9000000,162046
comex.GC,D,01/05/22,000000,1896.2000000,1900.4000000,1896.0000000,1897.8000000,4222
comex.GC,D,02/05/22,000000,1897.8000000,1899.1000000,1853.4000000,1863.2000000,176594
comex.GC,D,03/05/22,000000,1863.2000000,1878.4000000,1849.7000000,1868.8000000,139253
comex.GC,D,04/05/22,000000,1868.7000000,1894.9000000,1861.1000000,1894.7000000,133034
comex.GC,D,05/05/22,000000,1894.7000000,1910.7000000,1872.3000000,1874.4000000,188723
comex.GC,D,06/05/22,000000,1874.3000000,1894.0000000,1865.0000000,1882.8000000,138500
comex.GC,D,08/05/22,000000,1883.7000000,1885.6000000,1879.7000000,1881.1000000,3441
comex.GC,D,09/05/22,000000,1880.9000000,1881.7000000,1851.0000000,1854.1000000,143337
comex.GC,D,10/05/22,000000,1854.0000000,1864.7000000,1831.2000000,1832.4000000,163722
comex.GC,D,11/05/22,000000,1832.4000000,1857.8000000,1830.6000000,1853.9000000,179347
comex.GC,D,12/05/22,000000,1853.8000000,1858.8000000,1809.1000000,1820.1000000,189055
comex.GC,D,13/05/22,000000,1820.3000000,1827.6000000,1797.2000000,1810.3000000,149471
comex.GC,D,15/05/22,000000,1809.4000000,1812.4000000,1808.1000000,1811.7000000,5954
comex.GC,D,16/05/22,000000,1811.6000000,1828.4000000,1785.0000000,1825.6000000,134246
comex.GC,D,17/05/22,000000,1825.6000000,1834.8000000,1811.0000000,1812.9000000,114416
comex.GC,D,18/05/22,000000,1812.9000000,1822.9000000,1805.0000000,1814.4000000,108201
comex.GC,D,19/05/22,000000,1814.5000000,1848.2000000,1808.4000000,1840.8000000,146679
comex.GC,D,20/05/22,000000,1840.7000000,1847.8000000,1830.6000000,1845.1000000,110115
comex.GC,D,22/05/22,000000,1844.4000000,1858.2000000,1843.3000000,1845.0000000,5289
comex.GC,D,23/05/22,000000,1845.3000000,1864.3000000,1844.6000000,1852.5000000,109251
comex.GC,D,24/05/22,000000,1852.6000000,1869.1000000,1847.6000000,1866.1000000,116056
comex.GC,D,25/05/22,000000,1866.1000000,1866.7000000,1838.7000000,1852.3000000,108290
comex.GC,D,26/05/22,000000,1852.1000000,1852.6000000,1836.3000000,1850.5000000,80672
comex.GC,D,27/05/22,000000,1850.4000000,1860.7000000,1845.9000000,1850.6000000,12979
comex.GC,D,29/05/22,000000,1850.3000000,1850.7000000,1845.7000000,1847.7000000,15
comex.GC,D,30/05/22,000000,1848.4000000,1862.1000000,1847.1000000,1855.5000000,2483
comex.GC,D,31/05/22,000000,1855.5000000,1860.2000000,1837.6000000,1838.9000000,131310
comex.GC,D,01/06/22,000000,1838.9000000,1853.0000000,1830.2000000,1848.9000000,149161
comex.GC,D,02/06/22,000000,1849.1000000,1874.4000000,1846.5000000,1873.5000000,120391
comex.GC,D,03/06/22,000000,1873.6000000,1878.6000000,1849.7000000,1853.9000000,105500
comex.GC,D,05/06/22,000000,1853.7000000,1856.2000000,1852.4000000,1854.3000000,1807
comex.GC,D,06/06/22,000000,1854.4000000,1861.2000000,1840.0000000,1841.8000000,92221
comex.GC,D,07/06/22,000000,1841.8000000,1858.2000000,1838.5000000,1856.0000000,109797
comex.GC,D,08/06/22,000000,1856.0000000,1862.4000000,1846.6000000,1854.9000000,97614
comex.GC,D,09/06/22,000000,1855.0000000,1857.8000000,1841.9000000,1849.5000000,117776
comex.GC,D,10/06/22,000000,1849.7000000,1879.6000000,1826.5000000,1875.2000000,249450
comex.GC,D,12/06/22,000000,1879.0000000,1882.5000000,1877.8000000,1880.8000000,8030
comex.GC,D,13/06/22,000000,1880.9000000,1881.4000000,1809.2000000,1822.3000000,230740
comex.GC,D,14/06/22,000000,1822.3000000,1833.3000000,1806.1000000,1812.2000000,144410
comex.GC,D,15/06/22,000000,1812.2000000,1845.4000000,1809.9000000,1835.9000000,194007
comex.GC,D,16/06/22,000000,1836.0000000,1861.5000000,1816.3000000,1853.4000000,171302
comex.GC,D,17/06/22,000000,1853.5000000,1855.9000000,1836.1000000,1841.9000000,132870
comex.GC,D,19/06/22,000000,1840.6000000,1842.5000000,1836.8000000,1840.6000000,2035
comex.GC,D,20/06/22,000000,1840.8000000,1848.4000000,1836.8000000,1840.9000000,48423
comex.GC,D,21/06/22,000000,1840.9000000,1846.2000000,1830.7000000,1833.3000000,115888
comex.GC,D,22/06/22,000000,1833.3000000,1850.3000000,1824.5000000,1838.2000000,136433
comex.GC,D,23/06/22,000000,1838.4000000,1848.9000000,1823.1000000,1825.8000000,155998
comex.GC,D,24/06/22,000000,1825.8000000,1833.7000000,1817.7000000,1828.1000000,127900
comex.GC,D,26/06/22,000000,1839.6000000,1842.6000000,1832.3000000,1833.3000000,7736
comex.GC,D,27/06/22,000000,1833.2000000,1842.8000000,1821.8000000,1824.3000000,123399
comex.GC,D,28/06/22,000000,1824.3000000,1830.7000000,1819.1000000,1819.6000000,76014
comex.GC,D,29/06/22,000000,1819.6000000,1834.9000000,1810.7000000,1820.4000000,142568
comex.GC,D,30/06/22,000000,1820.2000000,1826.8000000,1802.5000000,1807.2000000,185096
comex.GC,D,01/07/22,000000,1807.3000000,1813.6000000,1783.4000000,1812.9000000,196048
comex.GC,D,03/07/22,000000,1814.4000000,1814.4000000,1808.9000000,1809.0000000,2573
comex.GC,D,04/07/22,000000,1809.1000000,1815.2000000,1804.8000000,1810.1000000,48661
comex.GC,D,05/07/22,000000,1810.2000000,1813.1000000,1763.0000000,1768.3000000,197367
comex.GC,D,06/07/22,000000,1768.2000000,1771.5000000,1730.7000000,1738.0000000,183585
comex.GC,D,07/07/22,000000,1738.1000000,1748.2000000,1734.7000000,1740.0000000,123454
comex.GC,D,08/07/22,000000,1740.1000000,1751.7000000,1726.0000000,1740.9000000,136720
comex.GC,D,10/07/22,000000,1741.5000000,1743.0000000,1739.5000000,1740.6000000,2529
comex.GC,D,11/07/22,000000,1740.6000000,1741.7000000,1729.0000000,1731.5000000,104379
comex.GC,D,12/07/22,000000,1731.6000000,1742.2000000,1721.6000000,1723.1000000,130488
comex.GC,D,13/07/22,000000,1723.1000000,1744.3000000,1704.5000000,1730.3000000,201912
comex.GC,D,14/07/22,000000,1730.3000000,1731.4000000,1695.0000000,1709.6000000,200574
comex.GC,D,15/07/22,000000,1709.7000000,1714.2000000,1696.6000000,1706.5000000,152747
comex.GC,D,17/07/22,000000,1706.4000000,1709.3000000,1704.4000000,1709.0000000,3584
comex.GC,D,18/07/22,000000,1709.0000000,1722.0000000,1704.6000000,1706.0000000,118917
comex.GC,D,19/07/22,000000,1706.0000000,1716.4000000,1702.6000000,1708.1000000,106786
comex.GC,D,20/07/22,000000,1708.0000000,1712.7000000,1690.1000000,1693.0000000,128507
comex.GC,D,21/07/22,000000,1693.0000000,1719.5000000,1678.4000000,1716.9000000,205079
comex.GC,D,22/07/22,000000,1717.0000000,1738.3000000,1711.7000000,1725.3000000,147935
comex.GC,D,24/07/22,000000,1724.8000000,1725.1000000,1722.3000000,1722.7000000,1864
comex.GC,D,25/07/22,000000,1722.8000000,1734.6000000,1712.9000000,1717.4000000,96079
comex.GC,D,26/07/22,000000,1717.7000000,1726.4000000,1711.5000000,1715.9000000,84120
comex.GC,D,27/07/22,000000,1715.9000000,1739.6000000,1709.1000000,1736.7000000,91750
comex.GC,D,28/07/22,000000,1737.1000000,1773.7000000,1732.0000000,1771.8000000,16464
comex.GC,D,29/07/22,000000,1771.8000000,1784.6000000,1768.4000000,1782.7000000,131140
comex.GC,D,31/07/22,000000,1782.5000000,1783.3000000,1777.3000000,1778.7000000,2772
comex.GC,D,01/08/22,000000,1778.8000000,1792.5000000,1774.3000000,1789.1000000,127023
comex.GC,D,02/08/22,000000,1789.2000000,1805.0000000,1771.4000000,1773.2000000,167003
comex.GC,D,03/08/22,000000,1773.1000000,1789.4000000,1770.0000000,1779.6000000,134005
comex.GC,D,04/08/22,000000,1779.6000000,1812.0000000,1779.4000000,1810.0000000,140427
comex.GC,D,05/08/22,000000,1810.0000000,1811.6000000,1780.2000000,1792.4000000,157464
comex.GC,D,07/08/22,000000,1790.3000000,1792.1000000,1787.6000000,1790.5000000,2250
comex.GC,D,08/08/22,000000,1790.5000000,1806.9000000,1786.9000000,1805.5000000,97747
comex.GC,D,09/08/22,000000,1805.4000000,1817.0000000,1799.4000000,1810.5000000,112406
comex.GC,D,10/08/22,000000,1810.4000000,1824.6000000,1803.3000000,1807.3000000,144755
comex.GC,D,11/08/22,000000,1807.3000000,1814.9000000,1798.6000000,1804.6000000,113234
comex.GC,D,12/08/22,000000,1804.6000000,1819.1000000,1799.6000000,1818.9000000,108889
comex.GC,D,14/08/22,000000,1818.9000000,1818.9000000,1815.1000000,1815.1000000,2739
comex.GC,D,15/08/22,000000,1815.1000000,1817.8000000,1787.6000000,1793.8000000,133206
comex.GC,D,16/08/22,000000,1793.9000000,1798.0000000,1785.4000000,1790.1000000,87247
comex.GC,D,17/08/22,000000,1790.1000000,1796.6000000,1773.9000000,1779.3000000,135050
comex.GC,D,18/08/22,000000,1779.3000000,1786.3000000,1768.8000000,1771.8000000,118654
comex.GC,D,19/08/22,000000,1771.8000000,1772.0000000,1759.1000000,1760.3000000,128238
comex.GC,D,21/08/22,000000,1760.6000000,1761.7000000,1758.4000000,1759.1000000,2111
comex.GC,D,22/08/22,000000,1759.1000000,1762.1000000,1740.2000000,1748.4000000,133284
comex.GC,D,23/08/22,000000,1748.4000000,1767.5000000,1743.1000000,1759.1000000,140175
comex.GC,D,24/08/22,000000,1759.0000000,1769.5000000,1754.8000000,1764.0000000,108530
comex.GC,D,25/08/22,000000,1764.1000000,1778.8000000,1763.0000000,1769.5000000,111635
comex.GC,D,26/08/22,000000,1769.5000000,1771.3000000,1746.2000000,1750.8000000,165446
comex.GC,D,28/08/22,000000,1748.4000000,1750.7000000,1742.3000000,1746.2000000,5548
comex.GC,D,29/08/22,000000,1746.1000000,1757.9000000,1731.4000000,1751.8000000,147533
comex.GC,D,30/08/22,000000,1752.1000000,1752.8000000,1732.9000000,1734.8000000,121536
comex.GC,D,31/08/22,000000,1734.7000000,1738.0000000,1717.2000000,1719.9000000,168668
comex.GC,D,01/09/22,000000,1719.9000000,1719.9000000,1699.1000000,1708.0000000,181303
comex.GC,D,02/09/22,000000,1708.0000000,1729.5000000,1707.0000000,1722.6000000,161403
comex.GC,D,04/09/22,000000,1724.2000000,1724.5000000,1718.8000000,1718.9000000,2249
comex.GC,D,05/09/22,000000,1718.8000000,1726.6000000,1718.6000000,1724.8000000,49365
comex.GC,D,06/09/22,000000,1724.8000000,1737.4000000,1710.6000000,1714.0000000,148308
comex.GC,D,07/09/22,000000,1714.0000000,1731.2000000,1701.7000000,1727.7000000,163910
comex.GC,D,08/09/22,000000,1727.7000000,1739.4000000,1713.7000000,1721.4000000,178371
comex.GC,D,09/09/22,000000,1721.5000000,1740.5000000,1720.4000000,1727.6000000,144028
comex.GC,D,11/09/22,000000,1728.4000000,1731.4000000,1727.7000000,1729.5000000,2781
comex.GC,D,12/09/22,000000,1729.4000000,1746.4000000,1722.3000000,1736.4000000,149700
comex.GC,D,13/09/22,000000,1736.3000000,1742.9000000,1706.7000000,1712.0000000,217210
comex.GC,D,14/09/22,000000,1712.1000000,1717.3000000,1703.3000000,1707.0000000,146542
comex.GC,D,15/09/22,000000,1707.1000000,1707.5000000,1668.9000000,1671.4000000,249000
comex.GC,D,16/09/22,000000,1671.4000000,1689.9000000,1661.9000000,1684.5000000,197808
comex.GC,D,18/09/22,000000,1685.4000000,1688.8000000,1682.5000000,1686.6000000,4104
comex.GC,D,19/09/22,000000,1686.5000000,1687.4000000,1667.6000000,1684.6000000,132629
comex.GC,D,20/09/22,000000,1684.6000000,1688.8000000,1668.1000000,1674.5000000,133454
comex.GC,D,21/09/22,000000,1674.5000000,1696.9000000,1661.3000000,1675.3000000,214030
comex.GC,D,22/09/22,000000,1675.3000000,1693.5000000,1663.3000000,1681.2000000,224468
comex.GC,D,23/09/22,000000,1681.0000000,1685.0000000,1646.6000000,1651.7000000,217586
comex.GC,D,25/09/22,000000,1651.0000000,1653.4000000,1647.5000000,1651.3000000,4562
comex.GC,D,26/09/22,000000,1651.4000000,1657.2000000,1627.7000000,1634.6000000,202338
comex.GC,D,27/09/22,000000,1634.5000000,1650.1000000,1634.0000000,1636.1000000,176143
comex.GC,D,28/09/22,000000,1636.2000000,1671.6000000,1622.2000000,1664.5000000,251391
comex.GC,D,29/09/22,000000,1664.5000000,1673.4000000,1649.3000000,1672.8000000,190146
comex.GC,D,30/09/22,000000,1672.8000000,1684.4000000,1667.5000000,1668.3000000,168752
comex.GC,D,02/10/22,000000,1670.5000000,1673.5000000,1668.3000000,1672.2000000,4316
comex.GC,D,03/10/22,000000,1672.2000000,1711.6000000,1666.5000000,1710.0000000,199977
comex.GC,D,04/10/22,000000,1710.0000000,1738.7000000,1704.0000000,1734.3000000,190255
comex.GC,D,05/10/22,000000,1734.3000000,1736.6000000,1708.8000000,1727.0000000,161207
comex.GC,D,06/10/22,000000,1726.9000000,1734.2000000,1714.8000000,1720.2000000,129730
comex.GC,D,07/10/22,000000,1720.1000000,1722.8000000,1698.4000000,1701.8000000,148178
comex.GC,D,09/10/22,000000,1703.4000000,1707.4000000,1702.3000000,1704.4000000,4616
comex.GC,D,10/10/22,000000,1704.4000000,1705.0000000,1672.5000000,1677.2000000,146492
comex.GC,D,11/10/22,000000,1676.9000000,1691.3000000,1667.5000000,1670.9000000,161732
comex.GC,D,12/10/22,000000,1671.0000000,1685.1000000,1668.0000000,1681.0000000,66514
comex.GC,D,13/10/22,000000,1680.9000000,1688.9000000,1648.3000000,1669.9000000,222636
comex.GC,D,14/10/22,000000,1669.8000000,1677.8000000,1645.6000000,1650.2000000,168105
comex.GC,D,16/10/22,000000,1649.9000000,1653.1000000,1649.1000000,1652.9000000,2971
comex.GC,D,17/10/22,000000,1652.9000000,1674.3000000,1651.8000000,1655.9000000,143573
comex.GC,D,18/10/22,000000,1656.0000000,1666.0000000,1650.6000000,1657.6000000,157364
comex.GC,D,19/10/22,000000,1657.5000000,1658.6000000,1630.7000000,1631.5000000,168292
comex.GC,D,20/10/22,000000,1631.5000000,1650.3000000,1626.3000000,1631.3000000,155108
comex.GC,D,21/10/22,000000,1631.4000000,1663.1000000,1621.1000000,1662.5000000,246645
comex.GC,D,23/10/22,000000,1662.9000000,1675.5000000,1661.2000000,1665.8000000,14982
comex.GC,D,24/10/22,000000,1665.8000000,1668.1000000,1648.0000000,1656.2000000,148171
comex.GC,D,25/10/22,000000,1656.2000000,1666.8000000,1641.2000000,1657.0000000,159255
comex.GC,D,26/10/22,000000,1657.1000000,1679.4000000,1653.8000000,1671.6000000,167729
comex.GC,D,27/10/22,000000,1671.5000000,1674.8000000,1658.5000000,1665.9000000,172661
comex.GC,D,28/10/22,000000,1666.0000000,1670.9000000,1640.7000000,1648.3000000,177160
comex.GC,D,30/10/22,000000,1647.2000000,1648.4000000,1643.2000000,1646.3000000,3216
comex.GC,D,31/10/22,000000,1646.3000000,1648.5000000,1634.5000000,1635.2000000,116989
comex.GC,D,01/11/22,000000,1635.3000000,1660.3000000,1633.6000000,1649.8000000,170276
comex.GC,D,02/11/22,000000,1649.9000000,1673.1000000,1634.1000000,1636.1000000,193617
comex.GC,D,03/11/22,000000,1636.0000000,1643.2000000,1618.3000000,1631.9000000,209829
comex.GC,D,04/11/22,000000,1631.9000000,1686.4000000,1631.5000000,1685.7000000,261145
comex.GC,D,06/11/22,000000,1678.6000000,1683.4000000,1675.4000000,1675.9000000,8418
comex.GC,D,07/11/22,000000,1675.9000000,1685.6000000,1670.0000000,1676.9000000,135137
comex.GC,D,08/11/22,000000,1676.9000000,1720.4000000,1667.1000000,1714.6000000,241308
comex.GC,D,09/11/22,000000,1714.7000000,1725.8000000,1705.1000000,1709.5000000,189117
comex.GC,D,10/11/22,000000,1709.5000000,1760.6000000,1706.7000000,1755.6000000,243227
comex.GC,D,11/11/22,000000,1755.6000000,1775.6000000,1750.3000000,1774.2000000,179015
comex.GC,D,13/11/22,000000,1769.4000000,1769.8000000,1763.8000000,1766.2000000,5077
comex.GC,D,14/11/22,000000,1766.3000000,1778.4000000,1755.8000000,1772.8000000,158855
comex.GC,D,15/11/22,000000,1772.9000000,1791.8000000,1770.2000000,1784.3000000,201140
comex.GC,D,16/11/22,000000,1784.3000000,1788.2000000,1773.4000000,1776.6000000,151471
comex.GC,D,17/11/22,000000,1776.7000000,1777.6000000,1756.6000000,1762.2000000,145144
comex.GC,D,18/11/22,000000,1762.2000000,1769.9000000,1749.2000000,1752.0000000,112227
comex.GC,D,20/11/22,000000,1752.0000000,1754.8000000,1751.4000000,1754.5000000,1671
comex.GC,D,21/11/22,000000,1754.2000000,1755.0000000,1733.9000000,1739.8000000,112845
comex.GC,D,22/11/22,000000,1739.9000000,1751.0000000,1737.6000000,1741.8000000,110846
comex.GC,D,23/11/22,000000,1741.8000000,1754.9000000,1719.0000000,1752.9000000,127787
comex.GC,D,24/11/22,000000,1752.9000000,1759.0000000,1752.6000000,1755.4000000,45128
comex.GC,D,25/11/22,000000,1755.4000000,1761.2000000,1745.9000000,1755.0000000,64476
comex.GC,D,27/11/22,000000,1755.0000000,1756.3000000,1750.1000000,1750.6000000,2019
comex.GC,D,28/11/22,000000,1750.8000000,1763.5000000,1737.9000000,1739.6000000,86973
comex.GC,D,29/11/22,000000,1740.0000000,1763.4000000,1739.3000000,1762.5000000,9148
comex.GC,D,30/11/22,000000,1762.5000000,1787.4000000,1758.2000000,1787.3000000,182894
comex.GC,D,01/12/22,000000,1787.3000000,1818.7000000,1785.0000000,1816.2000000,214331
comex.GC,D,02/12/22,000000,1816.4000000,1816.9000000,1791.8000000,1811.4000000,171684
comex.GC,D,04/12/22,000000,1810.5000000,1812.7000000,1808.0000000,1812.5000000,2686
comex.GC,D,05/12/22,000000,1812.6000000,1822.9000000,1778.1000000,1781.6000000,170027
comex.GC,D,06/12/22,000000,1781.6000000,1793.2000000,1779.1000000,1783.2000000,120017
comex.GC,D,07/12/22,000000,1783.0000000,1803.2000000,1780.5000000,1799.2000000,147650
comex.GC,D,08/12/22,000000,1799.3000000,1806.9000000,1793.2000000,1801.1000000,109043
comex.GC,D,09/12/22,000000,1801.2000000,1819.0000000,1800.1000000,1809.4000000,113081
comex.GC,D,11/12/22,000000,1808.0000000,1809.3000000,1805.9000000,1806.2000000,1711
comex.GC,D,12/12/22,000000,1806.1000000,1807.1000000,1789.0000000,1793.2000000,102641
comex.GC,D,13/12/22,000000,1793.1000000,1836.9000000,1791.8000000,1822.1000000,198026
comex.GC,D,14/12/22,000000,1819.4000000,1825.4000000,1806.2000000,1818.6000000,119837
comex.GC,D,15/12/22,000000,1818.6000000,1818.8000000,1782.0000000,1786.5000000,176300
comex.GC,D,16/12/22,000000,1786.4000000,1804.2000000,1783.9000000,1803.0000000,122537
comex.GC,D,18/12/22,000000,1801.6000000,1803.4000000,1800.4000000,1800.5000000,1847
comex.GC,D,19/12/22,000000,1800.6000000,1808.6000000,1793.2000000,1796.5000000,81998
comex.GC,D,20/12/22,000000,1796.5000000,1832.4000000,1793.7000000,1827.0000000,191032
comex.GC,D,21/12/22,000000,1826.9000000,1833.8000000,1821.3000000,1823.8000000,101621
comex.GC,D,22/12/22,000000,1823.7000000,1829.3000000,1792.7000000,1801.5000000,164461
comex.GC,D,23/12/22,000000,1801.5000000,1812.2000000,1798.9000000,1806.0000000,95320
comex.GC,D,26/12/22,000000,1808.2000000,1812.0000000,1808.0000000,1809.7000000,2196
comex.GC,D,27/12/22,000000,1809.6000000,1841.9000000,1808.4000000,1820.6000000,152921
comex.GC,D,28/12/22,000000,1820.5000000,1822.3000000,1804.2000000,1812.5000000,106251
comex.GC,D,29/12/22,000000,1812.5000000,1827.3000000,1811.2000000,1821.9000000,99420
comex.GC,D,30/12/22,000000,1822.0000000,1832.4000000,1819.8000000,1830.1000000,98621
comex.GC,D,02/01/23,000000,1831.8000000,1838.0000000,1831.3000000,1835.8000000,4830
